id,game_week_id,player_id,correct_scores,points,created_at
01a27a78-5a8e-4a07-a5cb-c4e025297918,39344544-7804-4c1d-a17b-a1aff7a7f869,4f4c26c5-21c6-4a45-b9ab-141ea2936063,0,7,2025-11-10 03:54:43.745207+00
01ce34c2-37ab-4c9b-ab23-ef007a18460c,3715512f-bc25-48aa-a319-f9b2ffc2fb15,c8b7ea0d-f644-44ff-b89b-a0e352ff3cec,0,5,2025-10-27 01:59:34.334362+00
01eaef04-d9ee-44f9-8346-9ce83208e5d9,28c25bca-56fb-487b-b335-f02e00863c6b,eff7bddc-a865-47c4-95fb-fe4116d8c288,2,9,2025-08-26 00:30:53.12888+00
020d5cd1-eef3-431e-9e7b-636fa0e8680f,634bef0a-8a4f-4bb4-a7cc-79a5ec61e5cb,46a30c5e-11ff-4c44-aa31-29a606850f82,0,4,2025-12-23 02:13:34.5906+00
02fee488-f173-4435-9eea-28180fc17491,7f04d06c-ca42-403e-8bc7-194f0a0c631a,f9410110-ec63-4a83-ad54-2b5df48b9140,0,4,2025-12-01 00:26:08.076072+00
035cc534-05bf-4b92-b78e-da03862297e4,00c76044-16a0-4acf-a0a5-8de00e9cbc06,857f0ddb-bbf7-490f-89e7-c393913d1937,0,5,2025-12-16 01:50:33.561015+00
03888c54-d2e4-4ae0-a4d4-1e2821379c89,3fbb2bf0-cef3-48b2-9d04-ecba8bd4165b,6bf245f8-9743-4b7b-ab78-dc0cdd591c6c,0,3,2025-09-30 00:21:43.959007+00
05a7ab3c-5312-470f-9c62-e5c94be52d3e,3fbb2bf0-cef3-48b2-9d04-ecba8bd4165b,e04c559e-ca37-400e-b70d-64cc03eb3361,2,8,2025-09-30 00:21:43.959007+00
06b98e81-2bcb-40ae-89f2-ab957798d132,39344544-7804-4c1d-a17b-a1aff7a7f869,49f48e02-6af0-4107-8f27-29f67efc4c3a,1,9,2025-11-10 03:54:43.745207+00
0722e822-31de-496c-ada7-ffbc31276dd1,37bc4415-6386-4c1c-9a8b-453802fa72e1,c8b7ea0d-f644-44ff-b89b-a0e352ff3cec,1,8,2025-12-29 01:10:50.647344+00
07e0055e-f3ea-465c-89ca-7a484653357b,39344544-7804-4c1d-a17b-a1aff7a7f869,78c6e1c2-6f06-4cf7-8a82-54f62c0e9504,0,4,2025-11-10 03:54:43.745207+00
07ecdae9-0c30-4629-83dd-698634c554ea,435af285-efb9-47f0-a3b5-aa47b7b78b56,857f0ddb-bbf7-490f-89e7-c393913d1937,2,9,2025-11-25 02:24:54.186745+00
0838ded0-7a6d-4e2c-83e9-b811de762951,37bc4415-6386-4c1c-9a8b-453802fa72e1,abe5e91c-2516-47f8-98a7-2b1e70ab13b1,1,4,2025-12-29 01:10:50.647344+00
08dc85fd-7c2b-4695-a9c4-1696f03f34fd,634bef0a-8a4f-4bb4-a7cc-79a5ec61e5cb,6bf245f8-9743-4b7b-ab78-dc0cdd591c6c,3,11,2025-12-23 02:13:34.5906+00
08fd371d-6a2b-4526-a2f7-ffd93fcbe0f8,d8d2e264-f062-4c84-bc77-cf67da4c3bf5,9a205562-9e06-49d8-865b-a0dfb3de0b20,0,3,2025-09-01 12:27:12.189666+00
09c47b4b-9d94-464d-98b8-532dff82e7cf,7d6130ac-980a-4352-8ec0-29a06643525e,3d18f1c8-de23-4c6d-b843-8241da5d994e,0,3,2026-01-12 01:11:49.843879+00
09fb74b2-3f40-4781-9caf-b50d65e3f3cc,e1083685-268d-4376-bbc8-14fe74194d46,182f8371-048a-4f6e-b95d-149f368c3c44,1,7,2025-08-18 23:21:21.195482+00
0a63460e-1526-4eb7-a80f-f65913f6d2db,39344544-7804-4c1d-a17b-a1aff7a7f869,eb3628cb-9a74-4281-bc9f-ebff66ae268e,1,9,2025-11-10 03:54:43.745207+00
0a685407-b5f8-4a1e-8a84-a48f698b173c,6321df99-8fc5-4465-a345-4e85e454e8cc,f9aa08c8-da66-4064-a39a-3225dadaa1d0,0,5,2025-09-22 12:27:57.199993+00
0a7e8031-d084-4b1c-95f9-53195de9a9c9,7d6130ac-980a-4352-8ec0-29a06643525e,78c6e1c2-6f06-4cf7-8a82-54f62c0e9504,1,6,2026-01-12 01:11:49.843879+00
0a8189ea-e350-4e28-b07c-d8c1bb83e22b,b8e9c830-4504-4e15-9aba-2cf1e3b2de9d,e2ffaf02-f17f-4be3-b3ee-651d39315af1,1,7,2026-01-05 01:20:32.782065+00
0a9a8e03-cb90-4c3e-9b59-3e4e8254eaa9,d77ab4fc-0b5e-46dc-8403-2c02eb802dd6,e04c559e-ca37-400e-b70d-64cc03eb3361,1,8,2025-10-05 23:57:44.019951+00
0b265da5-3ef2-4422-b295-f7f27f801397,634bef0a-8a4f-4bb4-a7cc-79a5ec61e5cb,25472e3e-4928-440c-84a8-ed85a6e4cf34,1,5,2025-12-23 02:13:34.5906+00
0b383352-1b8c-4c61-bbfd-658b96ce3241,e1083685-268d-4376-bbc8-14fe74194d46,25472e3e-4928-440c-84a8-ed85a6e4cf34,0,7,2025-08-18 23:21:21.195482+00
0b4b68d3-0534-4abc-945a-74592c21a3ad,28c25bca-56fb-487b-b335-f02e00863c6b,6e5a68ef-c26c-4776-8f8c-7f3c22bc3f06,0,5,2025-08-26 00:30:53.12888+00
0b9d9698-a50e-4824-8564-6066b8b09e9e,28da2862-f00a-44dd-8ab5-a48849d53245,ceb258ce-454a-4b5f-9321-73fd28390495,0,5,2025-11-04 02:39:26.20676+00
0bd459a8-9618-4ab5-b0f0-d334563e79e2,d7a991ce-94f4-44a6-9e3a-bda9babd7e11,e2ffaf02-f17f-4be3-b3ee-651d39315af1,0,6,2025-12-09 02:15:48.500643+00
0c22c881-3241-4e03-9363-68a8747968e6,3fbb2bf0-cef3-48b2-9d04-ecba8bd4165b,f3b179ce-265d-4bf0-8c6c-a641504ea802,0,2,2025-09-30 00:21:43.959007+00
0d015e24-515f-4e54-ab61-5741d5cf6cfb,d7a991ce-94f4-44a6-9e3a-bda9babd7e11,46a30c5e-11ff-4c44-aa31-29a606850f82,0,5,2025-12-09 02:15:48.500643+00
0d6ca71d-75d9-4523-bd05-ee762c77cbe7,3fbb2bf0-cef3-48b2-9d04-ecba8bd4165b,7151cae2-f54e-4f88-9e6a-8ab7fe755160,0,3,2025-09-30 00:21:43.959007+00
0e840984-69ac-42db-928b-bf111dfe8093,6321df99-8fc5-4465-a345-4e85e454e8cc,7151cae2-f54e-4f88-9e6a-8ab7fe755160,0,2,2025-09-22 12:27:57.199993+00
0f3c641d-e518-49eb-bc31-b3cea3592736,d7a991ce-94f4-44a6-9e3a-bda9babd7e11,25472e3e-4928-440c-84a8-ed85a6e4cf34,1,5,2025-12-09 02:15:48.500643+00
0f950c4e-6cca-4ab5-a2ec-43a0c9ef4a30,634bef0a-8a4f-4bb4-a7cc-79a5ec61e5cb,78c6e1c2-6f06-4cf7-8a82-54f62c0e9504,1,8,2025-12-23 02:13:34.5906+00
0f9ef75d-bed5-494e-8538-d8f9b041a2ad,b8e9c830-4504-4e15-9aba-2cf1e3b2de9d,f3b179ce-265d-4bf0-8c6c-a641504ea802,0,4,2026-01-05 01:20:32.782065+00
10fea878-93c8-4372-9c11-2adabdde276f,d7a991ce-94f4-44a6-9e3a-bda9babd7e11,857f0ddb-bbf7-490f-89e7-c393913d1937,0,5,2025-12-09 02:15:48.500643+00
117c243b-b055-443d-9950-b147c611cdb9,28da2862-f00a-44dd-8ab5-a48849d53245,f3b179ce-265d-4bf0-8c6c-a641504ea802,2,9,2025-11-04 02:39:26.20676+00
1244a0a1-8569-4dfc-911a-1f1b301b6a8c,634bef0a-8a4f-4bb4-a7cc-79a5ec61e5cb,ceb258ce-454a-4b5f-9321-73fd28390495,1,6,2025-12-23 02:13:34.5906+00
12bc99a1-e64e-44c4-9f71-a21aeafba41b,28c25bca-56fb-487b-b335-f02e00863c6b,6bf245f8-9743-4b7b-ab78-dc0cdd591c6c,0,4,2025-08-26 00:30:53.12888+00
1307932b-09b5-4e74-b292-65aed03a7495,37bc4415-6386-4c1c-9a8b-453802fa72e1,6e5a68ef-c26c-4776-8f8c-7f3c22bc3f06,0,6,2025-12-29 01:10:50.647344+00
135360cd-463e-4804-9029-1c2937d64b29,634bef0a-8a4f-4bb4-a7cc-79a5ec61e5cb,e2ffaf02-f17f-4be3-b3ee-651d39315af1,2,11,2025-12-23 02:13:34.5906+00
1393c369-ed24-4136-b275-f98184588e70,6321df99-8fc5-4465-a345-4e85e454e8cc,66022633-1ced-4920-a431-b74b54e98345,1,6,2025-09-22 12:27:57.199993+00
150050be-5eef-4848-90f4-ce402385072b,7f04d06c-ca42-403e-8bc7-194f0a0c631a,182f8371-048a-4f6e-b95d-149f368c3c44,0,4,2025-12-01 00:26:08.076072+00
152aa433-7964-455d-9c17-d99d989e7d5b,634bef0a-8a4f-4bb4-a7cc-79a5ec61e5cb,298651b6-b5d4-4875-a636-799edae79a84,1,5,2025-12-23 02:13:34.5906+00
1593f1d9-db11-44c1-850f-c29bf0735b7f,6321df99-8fc5-4465-a345-4e85e454e8cc,c2011527-da58-4568-97f9-ec5c223ead8e,2,8,2025-09-22 12:27:57.199993+00
1613dada-df71-44ec-9245-38a5f0a43c83,d77ab4fc-0b5e-46dc-8403-2c02eb802dd6,c2011527-da58-4568-97f9-ec5c223ead8e,2,9,2025-10-05 23:57:44.019951+00
167263cc-77a7-46c5-a689-ba7521666d20,6321df99-8fc5-4465-a345-4e85e454e8cc,f9410110-ec63-4a83-ad54-2b5df48b9140,3,13,2025-09-22 12:27:57.199993+00
168e47ab-9c52-4963-bd6b-ff40d85d2db0,634bef0a-8a4f-4bb4-a7cc-79a5ec61e5cb,49f48e02-6af0-4107-8f27-29f67efc4c3a,2,12,2025-12-23 02:13:34.5906+00
16af6f94-c487-489e-baa8-c8b6e726b219,d8d2e264-f062-4c84-bc77-cf67da4c3bf5,49f48e02-6af0-4107-8f27-29f67efc4c3a,0,4,2025-09-01 12:27:12.189666+00
16e47b61-7705-413a-b983-77f8083d48f0,7d6130ac-980a-4352-8ec0-29a06643525e,eb3628cb-9a74-4281-bc9f-ebff66ae268e,0,4,2026-01-12 01:11:49.843879+00
16ec30c0-e24b-4d7a-80f2-e51cd740a963,3715512f-bc25-48aa-a319-f9b2ffc2fb15,eb3628cb-9a74-4281-bc9f-ebff66ae268e,2,8,2025-10-27 01:59:34.334362+00
17b9b655-209f-4f6e-9c2d-de9154cabf39,d7a991ce-94f4-44a6-9e3a-bda9babd7e11,c8b7ea0d-f644-44ff-b89b-a0e352ff3cec,1,9,2025-12-09 02:15:48.500643+00
17e0a507-6233-43ab-9c16-cea42b9992ca,39344544-7804-4c1d-a17b-a1aff7a7f869,66022633-1ced-4920-a431-b74b54e98345,1,5,2025-11-10 03:54:43.745207+00
18025ab3-7c87-4865-bbe1-5900dea3fa5e,28da2862-f00a-44dd-8ab5-a48849d53245,7151cae2-f54e-4f88-9e6a-8ab7fe755160,1,7,2025-11-04 02:39:26.20676+00
194c8806-a0a0-4b38-a656-b045f6a91d1c,634bef0a-8a4f-4bb4-a7cc-79a5ec61e5cb,f9aa08c8-da66-4064-a39a-3225dadaa1d0,0,5,2025-12-23 02:13:34.5906+00
195ec1a9-e74a-4dca-a5ba-7f9e2c2a121e,634bef0a-8a4f-4bb4-a7cc-79a5ec61e5cb,4f4c26c5-21c6-4a45-b9ab-141ea2936063,2,9,2025-12-23 02:13:34.5906+00
196b84ec-448e-40bf-950d-e589a01cdf72,3fbb2bf0-cef3-48b2-9d04-ecba8bd4165b,857f0ddb-bbf7-490f-89e7-c393913d1937,1,8,2025-09-30 00:21:43.959007+00
19aec8ae-4dbb-47de-81ee-c6d6abe437e5,284571ab-f355-476f-841c-8d84cf3fc188,4f4c26c5-21c6-4a45-b9ab-141ea2936063,0,7,2025-09-15 00:20:33.877931+00
1aad2043-ef3b-46a0-9fd2-a8d0e3fd3629,28da2862-f00a-44dd-8ab5-a48849d53245,4f4c26c5-21c6-4a45-b9ab-141ea2936063,1,8,2025-11-04 02:39:26.20676+00
1ab55c11-6441-4cf8-a013-5d21cd369842,d8d2e264-f062-4c84-bc77-cf67da4c3bf5,abe5e91c-2516-47f8-98a7-2b1e70ab13b1,1,3,2025-09-01 12:27:12.189666+00
1abb2a99-3b8c-45a5-b699-b7f3e42868d2,7be0759a-59c6-4da1-be13-e876a9051907,78c6e1c2-6f06-4cf7-8a82-54f62c0e9504,0,4,2025-10-21 00:14:04.11767+00
1b784c02-3d12-43d9-8437-272baa6bd45d,d7a991ce-94f4-44a6-9e3a-bda9babd7e11,e04c559e-ca37-400e-b70d-64cc03eb3361,0,6,2025-12-09 02:15:48.500643+00
1bf6990a-5ae0-4223-ae6e-b78eff04ec5c,7f04d06c-ca42-403e-8bc7-194f0a0c631a,abe5e91c-2516-47f8-98a7-2b1e70ab13b1,0,5,2025-12-01 00:26:08.076072+00
1c202446-33f7-4379-af60-d145c92203ac,39344544-7804-4c1d-a17b-a1aff7a7f869,abe5e91c-2516-47f8-98a7-2b1e70ab13b1,0,3,2025-11-10 03:54:43.745207+00
1c578c3a-a8e9-4549-be5f-b21fb6383c42,37bc4415-6386-4c1c-9a8b-453802fa72e1,9a205562-9e06-49d8-865b-a0dfb3de0b20,1,6,2025-12-29 01:10:50.647344+00
1c942249-1c74-4f0d-9cd3-2b7818a0eb46,39344544-7804-4c1d-a17b-a1aff7a7f869,e04c559e-ca37-400e-b70d-64cc03eb3361,2,10,2025-11-10 03:54:43.745207+00
1cbe5cd6-f8be-48a0-8434-c34974587ac9,e1083685-268d-4376-bbc8-14fe74194d46,6bf245f8-9743-4b7b-ab78-dc0cdd591c6c,0,4,2025-08-18 23:21:21.195482+00
1cf265f4-7c48-41a2-a547-2e4023528217,634bef0a-8a4f-4bb4-a7cc-79a5ec61e5cb,a98cac4a-9401-4a97-b8e6-93a7caee47e9,1,8,2025-12-23 02:13:34.5906+00
1dac55f4-c174-4e07-b4de-f8fcbd966b54,39344544-7804-4c1d-a17b-a1aff7a7f869,f9410110-ec63-4a83-ad54-2b5df48b9140,0,4,2025-11-10 03:54:43.745207+00
1e2acf42-9a40-418e-9fde-d3f7afd4fde6,7d6130ac-980a-4352-8ec0-29a06643525e,a98cac4a-9401-4a97-b8e6-93a7caee47e9,2,9,2026-01-12 01:11:49.843879+00
1e5105b7-fe64-452e-97b0-1e7f816f7978,d7a991ce-94f4-44a6-9e3a-bda9babd7e11,584d969b-f2c5-4e89-a226-9d5d47bebe23,0,5,2025-12-09 02:15:48.500643+00
1f1a5254-e33b-4956-bce8-1981c2957acf,d77ab4fc-0b5e-46dc-8403-2c02eb802dd6,abe5e91c-2516-47f8-98a7-2b1e70ab13b1,3,13,2025-10-05 23:57:44.019951+00
1f5270e3-f097-4006-b96c-bae1b01a0768,435af285-efb9-47f0-a3b5-aa47b7b78b56,e28417e9-f154-4f39-bf0d-86cb6a1abc32,2,11,2025-11-25 02:24:54.186745+00
20aeb0f1-706a-40f5-8319-4f33c8210c9f,7d6130ac-980a-4352-8ec0-29a06643525e,857f0ddb-bbf7-490f-89e7-c393913d1937,3,12,2026-01-12 01:11:49.843879+00
20d272d5-29fa-4a86-9e8f-f69064e80743,7f04d06c-ca42-403e-8bc7-194f0a0c631a,c2011527-da58-4568-97f9-ec5c223ead8e,0,6,2025-12-01 00:26:08.076072+00
216eb702-3ad1-4167-9ce3-42d3b5aeb332,00c76044-16a0-4acf-a0a5-8de00e9cbc06,f3b179ce-265d-4bf0-8c6c-a641504ea802,1,7,2025-12-16 01:50:33.561015+00
21f752f1-1513-4f20-8de3-6b6f9cc9a58e,6321df99-8fc5-4465-a345-4e85e454e8cc,857f0ddb-bbf7-490f-89e7-c393913d1937,0,3,2025-09-22 12:27:57.199993+00
223b6f42-4156-4129-9301-24cd76d71b75,37bc4415-6386-4c1c-9a8b-453802fa72e1,46a30c5e-11ff-4c44-aa31-29a606850f82,0,3,2025-12-29 01:10:50.647344+00
2284de0f-756b-41a7-afa9-155fabb9c90c,6321df99-8fc5-4465-a345-4e85e454e8cc,6bf245f8-9743-4b7b-ab78-dc0cdd591c6c,4,16,2025-09-22 12:27:57.199993+00
23213eae-be7e-4904-8ccd-501cdb2d49f7,284571ab-f355-476f-841c-8d84cf3fc188,6a57188f-50ad-4d66-88e5-64236a293c32,0,5,2025-09-15 00:20:33.877931+00
23a17632-4566-4d82-aef1-4f2599c9a5c2,6321df99-8fc5-4465-a345-4e85e454e8cc,c4d0c372-0a8c-445d-9994-fe871e8eb544,2,7,2025-09-22 12:27:57.199993+00
23c49620-6577-4f4a-b4b8-44ee6ee52b37,37bc4415-6386-4c1c-9a8b-453802fa72e1,182f8371-048a-4f6e-b95d-149f368c3c44,1,8,2025-12-29 01:10:50.647344+00
2481af98-b63a-4bb2-bd87-76aa5bed0862,3fbb2bf0-cef3-48b2-9d04-ecba8bd4165b,71913bf1-3c89-4850-a771-b807bac56136,0,3,2025-09-30 00:21:43.959007+00
248a1838-0459-42f5-a7d4-fbe052ad1f55,28c25bca-56fb-487b-b335-f02e00863c6b,182f8371-048a-4f6e-b95d-149f368c3c44,0,4,2025-08-26 00:30:53.12888+00
24c39d7c-0194-4d3b-a33c-7c997f7b86a7,39344544-7804-4c1d-a17b-a1aff7a7f869,6bf245f8-9743-4b7b-ab78-dc0cdd591c6c,0,6,2025-11-10 03:54:43.745207+00
25ad69d8-6807-4ccc-9495-c5dc34a87d67,00c76044-16a0-4acf-a0a5-8de00e9cbc06,f9410110-ec63-4a83-ad54-2b5df48b9140,0,5,2025-12-16 01:50:33.561015+00
26409cdf-8d45-49ac-aeef-33c62de0704b,37bc4415-6386-4c1c-9a8b-453802fa72e1,f9aa08c8-da66-4064-a39a-3225dadaa1d0,0,4,2025-12-29 01:10:50.647344+00
268447a4-afbc-4f01-9def-ff1530ec05b4,634bef0a-8a4f-4bb4-a7cc-79a5ec61e5cb,eb3628cb-9a74-4281-bc9f-ebff66ae268e,2,9,2025-12-23 02:13:34.5906+00
26d6ebce-c56d-4f5d-bdba-f4938ade8c18,b8e9c830-4504-4e15-9aba-2cf1e3b2de9d,46a30c5e-11ff-4c44-aa31-29a606850f82,1,6,2026-01-05 01:20:32.782065+00
26fb2190-2f87-4b5d-81d7-e4437e5b032c,28da2862-f00a-44dd-8ab5-a48849d53245,95f43b8d-de0d-4dd2-a9bb-0cdfe02e247a,0,6,2025-11-04 02:39:26.20676+00
273c9e1b-78e7-4a7e-a32a-112e6cb09c67,d8d2e264-f062-4c84-bc77-cf67da4c3bf5,e2ffaf02-f17f-4be3-b3ee-651d39315af1,0,3,2025-09-01 12:27:12.189666+00
27b17f6b-97a1-48bc-86f5-549f012bd937,d7a991ce-94f4-44a6-9e3a-bda9babd7e11,b782ca87-97a5-4e94-96b3-fda9d7a93d5d,1,7,2025-12-09 02:15:48.500643+00
28bcb476-7f39-44f7-845a-4945a4c24b82,435af285-efb9-47f0-a3b5-aa47b7b78b56,f9410110-ec63-4a83-ad54-2b5df48b9140,1,6,2025-11-25 02:24:54.186745+00
28f41601-11e6-497b-8848-e772544a1b2b,d8d2e264-f062-4c84-bc77-cf67da4c3bf5,c2011527-da58-4568-97f9-ec5c223ead8e,0,2,2025-09-01 12:27:12.189666+00
2957bd80-5a86-4874-a716-052acce5291b,435af285-efb9-47f0-a3b5-aa47b7b78b56,eff7bddc-a865-47c4-95fb-fe4116d8c288,1,4,2025-11-25 02:24:54.186745+00
29b2813e-6f4f-401c-b4f6-fc59bc64e68f,6321df99-8fc5-4465-a345-4e85e454e8cc,584d969b-f2c5-4e89-a226-9d5d47bebe23,1,5,2025-09-22 12:27:57.199993+00
29bae404-8dcf-4a7c-ba15-54b22064a8b1,39344544-7804-4c1d-a17b-a1aff7a7f869,182f8371-048a-4f6e-b95d-149f368c3c44,1,8,2025-11-10 03:54:43.745207+00
29fb41a2-1054-4a29-b614-a4c2efc17eb9,b8e9c830-4504-4e15-9aba-2cf1e3b2de9d,f9410110-ec63-4a83-ad54-2b5df48b9140,1,6,2026-01-05 01:20:32.782065+00
2a167dfe-b92d-4e6e-ae0d-c6f59b1a90cc,6321df99-8fc5-4465-a345-4e85e454e8cc,ceb258ce-454a-4b5f-9321-73fd28390495,3,9,2025-09-22 12:27:57.199993+00
2a28002d-1850-483f-8f4a-48b5bc484e02,28c25bca-56fb-487b-b335-f02e00863c6b,6a57188f-50ad-4d66-88e5-64236a293c32,1,7,2025-08-26 00:30:53.12888+00
2a2ef3db-86e8-47b4-8407-ae96d12825d7,7be0759a-59c6-4da1-be13-e876a9051907,25472e3e-4928-440c-84a8-ed85a6e4cf34,0,4,2025-10-21 00:14:04.11767+00
2a8f1ede-d4d2-4ff5-8056-b3cb9fb8a6be,00c76044-16a0-4acf-a0a5-8de00e9cbc06,49f48e02-6af0-4107-8f27-29f67efc4c3a,0,5,2025-12-16 01:50:33.561015+00
2a92772b-973b-4db1-883e-5a3ff9223767,7be0759a-59c6-4da1-be13-e876a9051907,6a57188f-50ad-4d66-88e5-64236a293c32,0,3,2025-10-21 00:14:04.11767+00
2aa49f51-bdbd-4565-a62c-1620a43e08e3,b8e9c830-4504-4e15-9aba-2cf1e3b2de9d,298651b6-b5d4-4875-a636-799edae79a84,2,10,2026-01-05 01:20:32.782065+00
2ae62c8b-0931-4a50-afc9-b3359d057c26,3fbb2bf0-cef3-48b2-9d04-ecba8bd4165b,c8b7ea0d-f644-44ff-b89b-a0e352ff3cec,0,2,2025-09-30 00:21:43.959007+00
2ba88fe2-a0b2-4258-8008-dfc2143d7d60,3fbb2bf0-cef3-48b2-9d04-ecba8bd4165b,584d969b-f2c5-4e89-a226-9d5d47bebe23,0,3,2025-09-30 00:21:43.959007+00
2c24a8a4-8f46-4fb9-8091-9758fac25f0c,d77ab4fc-0b5e-46dc-8403-2c02eb802dd6,6a57188f-50ad-4d66-88e5-64236a293c32,1,9,2025-10-05 23:57:44.019951+00
2ca2bc4b-df8f-410a-abbf-08c240b736df,28c25bca-56fb-487b-b335-f02e00863c6b,a98cac4a-9401-4a97-b8e6-93a7caee47e9,1,8,2025-08-26 00:30:53.12888+00
2d7ec17c-aea6-47e4-9f5c-ab49cecc8f52,634bef0a-8a4f-4bb4-a7cc-79a5ec61e5cb,857f0ddb-bbf7-490f-89e7-c393913d1937,0,5,2025-12-23 02:13:34.5906+00
2e5074d0-65bd-40f9-8866-b0d3101630eb,d7a991ce-94f4-44a6-9e3a-bda9babd7e11,eff7bddc-a865-47c4-95fb-fe4116d8c288,0,4,2025-12-09 02:15:48.500643+00
2ea07bd3-b4a9-4e63-950e-d9b0f2bc60f8,6321df99-8fc5-4465-a345-4e85e454e8cc,f3b179ce-265d-4bf0-8c6c-a641504ea802,2,8,2025-09-22 12:27:57.199993+00
2f28c599-3175-4ba7-b449-1281431d0a2a,3fbb2bf0-cef3-48b2-9d04-ecba8bd4165b,e2ffaf02-f17f-4be3-b3ee-651d39315af1,2,7,2025-09-30 00:21:43.959007+00
2f448994-af3b-4091-98f6-ffd7a255d7ab,634bef0a-8a4f-4bb4-a7cc-79a5ec61e5cb,66022633-1ced-4920-a431-b74b54e98345,2,11,2025-12-23 02:13:34.5906+00
2f79a12b-5382-4bf8-9d49-0e8eadc1cdab,00c76044-16a0-4acf-a0a5-8de00e9cbc06,46a30c5e-11ff-4c44-aa31-29a606850f82,1,5,2025-12-16 01:50:33.561015+00
3014ce9f-221f-4d68-a4a0-2e2cc73bb7d7,39344544-7804-4c1d-a17b-a1aff7a7f869,857f0ddb-bbf7-490f-89e7-c393913d1937,0,6,2025-11-10 03:54:43.745207+00
30e768fb-e905-4878-aaa8-424ae7c259ad,d8d2e264-f062-4c84-bc77-cf67da4c3bf5,7151cae2-f54e-4f88-9e6a-8ab7fe755160,0,2,2025-09-01 12:27:12.189666+00
314d75a2-887f-42e0-b200-8e2804b12f4d,d77ab4fc-0b5e-46dc-8403-2c02eb802dd6,b782ca87-97a5-4e94-96b3-fda9d7a93d5d,1,7,2025-10-05 23:57:44.019951+00
3179f7be-34d6-4089-81b3-abc3ec9c0d05,7d6130ac-980a-4352-8ec0-29a06643525e,abe5e91c-2516-47f8-98a7-2b1e70ab13b1,1,6,2026-01-12 01:11:49.843879+00
31b1de7e-b142-4999-a0ed-8952513960c0,284571ab-f355-476f-841c-8d84cf3fc188,c8b7ea0d-f644-44ff-b89b-a0e352ff3cec,1,8,2025-09-15 00:20:33.877931+00
32204e3a-634e-43a1-949d-03e31e0c15e2,39344544-7804-4c1d-a17b-a1aff7a7f869,9a205562-9e06-49d8-865b-a0dfb3de0b20,1,9,2025-11-10 03:54:43.745207+00
326efd71-8c26-4347-9470-f1b9fa2af910,d7a991ce-94f4-44a6-9e3a-bda9babd7e11,c2011527-da58-4568-97f9-ec5c223ead8e,1,8,2025-12-09 02:15:48.500643+00
327cbc45-2abb-4d40-9b6f-22af9ef56fe3,7d6130ac-980a-4352-8ec0-29a06643525e,c2011527-da58-4568-97f9-ec5c223ead8e,0,4,2026-01-12 01:11:49.843879+00
331a8d20-62f8-409e-9f61-77e8684bb464,7f04d06c-ca42-403e-8bc7-194f0a0c631a,eb3628cb-9a74-4281-bc9f-ebff66ae268e,0,4,2025-12-01 00:26:08.076072+00
3323d84d-48ba-4c8d-9d78-7f44390e1d4e,7d6130ac-980a-4352-8ec0-29a06643525e,182f8371-048a-4f6e-b95d-149f368c3c44,0,3,2026-01-12 01:11:49.843879+00
33391c1d-ba93-42a9-a79f-dac889aa986b,6321df99-8fc5-4465-a345-4e85e454e8cc,95f43b8d-de0d-4dd2-a9bb-0cdfe02e247a,1,7,2025-09-22 12:27:57.199993+00
335f5a51-03dd-4dd3-a59c-8fa6b9d7f7cc,d8d2e264-f062-4c84-bc77-cf67da4c3bf5,25472e3e-4928-440c-84a8-ed85a6e4cf34,1,3,2025-09-01 12:27:12.189666+00
33efd96f-5fff-4952-bdc0-8c9635be78b7,3715512f-bc25-48aa-a319-f9b2ffc2fb15,e28417e9-f154-4f39-bf0d-86cb6a1abc32,1,7,2025-10-27 01:59:34.334362+00
34b119c5-e390-43fb-be4b-ec452394ed99,37bc4415-6386-4c1c-9a8b-453802fa72e1,c4d0c372-0a8c-445d-9994-fe871e8eb544,3,13,2025-12-29 01:10:50.647344+00
355ac59b-6cc3-4add-9980-399f5446cda2,28c25bca-56fb-487b-b335-f02e00863c6b,66022633-1ced-4920-a431-b74b54e98345,1,7,2025-08-26 00:30:53.12888+00
36018383-a9f9-43a9-bdb3-65f15253052b,28da2862-f00a-44dd-8ab5-a48849d53245,71913bf1-3c89-4850-a771-b807bac56136,0,2,2025-11-04 02:39:26.20676+00
36dcd62f-9289-4e13-9970-f23d23f6d260,7d6130ac-980a-4352-8ec0-29a06643525e,25472e3e-4928-440c-84a8-ed85a6e4cf34,0,4,2026-01-12 01:11:49.843879+00
3709d095-6060-4324-bc0a-4e4590b1a808,284571ab-f355-476f-841c-8d84cf3fc188,66022633-1ced-4920-a431-b74b54e98345,0,5,2025-09-15 00:20:33.877931+00
37618acd-cb78-4159-8ec6-77522e30d41b,d7a991ce-94f4-44a6-9e3a-bda9babd7e11,49f48e02-6af0-4107-8f27-29f67efc4c3a,0,5,2025-12-09 02:15:48.500643+00
37e4511a-bb24-43b8-ac5d-04b309cf3b79,7d6130ac-980a-4352-8ec0-29a06643525e,f9aa08c8-da66-4064-a39a-3225dadaa1d0,1,8,2026-01-12 01:11:49.843879+00
3958d68c-3354-4e50-b155-d7ad126bd065,7d6130ac-980a-4352-8ec0-29a06643525e,9a205562-9e06-49d8-865b-a0dfb3de0b20,3,12,2026-01-12 01:11:49.843879+00
39dd5fa6-e8f7-48e1-8e67-5edf27b18d6c,d7a991ce-94f4-44a6-9e3a-bda9babd7e11,9a205562-9e06-49d8-865b-a0dfb3de0b20,0,5,2025-12-09 02:15:48.500643+00
39ece0df-a07b-456d-8bd4-5ba655b9863f,39344544-7804-4c1d-a17b-a1aff7a7f869,f9aa08c8-da66-4064-a39a-3225dadaa1d0,0,6,2025-11-10 03:54:43.745207+00
3a2a18e7-3f59-4afb-a28d-2f80a8a0dd16,28c25bca-56fb-487b-b335-f02e00863c6b,49f48e02-6af0-4107-8f27-29f67efc4c3a,2,12,2025-08-26 00:30:53.12888+00
3a62fc4f-694d-41f6-a9d1-7b3a82bf87d3,284571ab-f355-476f-841c-8d84cf3fc188,c2011527-da58-4568-97f9-ec5c223ead8e,0,5,2025-09-15 00:20:33.877931+00
3bbe1afe-bb14-4f4a-9188-6fde800a9d22,435af285-efb9-47f0-a3b5-aa47b7b78b56,eb3628cb-9a74-4281-bc9f-ebff66ae268e,0,4,2025-11-25 02:24:54.186745+00
3c43c6ab-dd59-4fc0-923e-45e6adca8b6f,28da2862-f00a-44dd-8ab5-a48849d53245,c2011527-da58-4568-97f9-ec5c223ead8e,1,8,2025-11-04 02:39:26.20676+00
3c520c42-1af4-4578-9a61-3e6ab988f19b,d8d2e264-f062-4c84-bc77-cf67da4c3bf5,46a30c5e-11ff-4c44-aa31-29a606850f82,0,3,2025-09-01 12:27:12.189666+00
3c9f5fe7-6532-4e6c-8a25-806aca4a6ccb,7d6130ac-980a-4352-8ec0-29a06643525e,e04c559e-ca37-400e-b70d-64cc03eb3361,1,6,2026-01-12 01:11:49.843879+00
3ccc54b6-adbb-45b7-96bc-445a2bccc81c,d7a991ce-94f4-44a6-9e3a-bda9babd7e11,ceb258ce-454a-4b5f-9321-73fd28390495,1,8,2025-12-09 02:15:48.500643+00
3ce56eb7-ae12-401b-8c29-f620e33451b0,7f04d06c-ca42-403e-8bc7-194f0a0c631a,25472e3e-4928-440c-84a8-ed85a6e4cf34,0,1,2025-12-01 00:26:08.076072+00
3cfcc3ce-9d35-4522-94d3-93a1a9f51aaf,634bef0a-8a4f-4bb4-a7cc-79a5ec61e5cb,9a205562-9e06-49d8-865b-a0dfb3de0b20,2,10,2025-12-23 02:13:34.5906+00
3d029694-3158-4fdf-b1e8-977b72236f36,435af285-efb9-47f0-a3b5-aa47b7b78b56,8ed10184-c01b-4913-be71-bf7b48b8163a,3,11,2025-11-25 02:24:54.186745+00
3d262812-1835-4224-8768-7beb6a5a4a90,7be0759a-59c6-4da1-be13-e876a9051907,182f8371-048a-4f6e-b95d-149f368c3c44,0,3,2025-10-21 00:14:04.11767+00
3dbea892-5065-4ff5-9f47-7d83cf43573b,3715512f-bc25-48aa-a319-f9b2ffc2fb15,46a30c5e-11ff-4c44-aa31-29a606850f82,1,6,2025-10-27 01:59:34.334362+00
3df5c25a-d1af-455d-8fe1-7bb994a7f213,39344544-7804-4c1d-a17b-a1aff7a7f869,c8b7ea0d-f644-44ff-b89b-a0e352ff3cec,1,11,2025-11-10 03:54:43.745207+00
3f3624d0-853e-4501-b620-42634cc70f22,d7a991ce-94f4-44a6-9e3a-bda9babd7e11,95f43b8d-de0d-4dd2-a9bb-0cdfe02e247a,3,13,2025-12-09 02:15:48.500643+00
3f725c94-2676-46e7-8f23-ff8d8b70c3cb,d77ab4fc-0b5e-46dc-8403-2c02eb802dd6,6e5a68ef-c26c-4776-8f8c-7f3c22bc3f06,1,10,2025-10-05 23:57:44.019951+00
3fe0f78d-bcf7-4d38-b71f-1124772d6309,37bc4415-6386-4c1c-9a8b-453802fa72e1,f9410110-ec63-4a83-ad54-2b5df48b9140,2,8,2025-12-29 01:10:50.647344+00
407ec6c5-8b04-4974-9e9e-46347ab1ae15,d77ab4fc-0b5e-46dc-8403-2c02eb802dd6,f9410110-ec63-4a83-ad54-2b5df48b9140,1,9,2025-10-05 23:57:44.019951+00
40c87661-c124-41a9-8600-79e5c9dee50a,e1083685-268d-4376-bbc8-14fe74194d46,6a57188f-50ad-4d66-88e5-64236a293c32,0,6,2025-08-18 23:21:21.195482+00
40eebe66-6062-47fe-85e3-c1756741e1a6,00c76044-16a0-4acf-a0a5-8de00e9cbc06,e28417e9-f154-4f39-bf0d-86cb6a1abc32,0,4,2025-12-16 01:50:33.561015+00
410090a9-91ec-496f-b918-3705c106e91e,6321df99-8fc5-4465-a345-4e85e454e8cc,6e5a68ef-c26c-4776-8f8c-7f3c22bc3f06,2,8,2025-09-22 12:27:57.199993+00
4118c3fa-fd6e-4b27-a54f-ce420b36e8c8,7be0759a-59c6-4da1-be13-e876a9051907,a98cac4a-9401-4a97-b8e6-93a7caee47e9,0,4,2025-10-21 00:14:04.11767+00
41a9ae07-b78c-4c78-8420-69894283976b,37bc4415-6386-4c1c-9a8b-453802fa72e1,584d969b-f2c5-4e89-a226-9d5d47bebe23,0,4,2025-12-29 01:10:50.647344+00
4242e0f5-37e6-4392-9aaa-8d897bc0eccd,634bef0a-8a4f-4bb4-a7cc-79a5ec61e5cb,6e5a68ef-c26c-4776-8f8c-7f3c22bc3f06,2,10,2025-12-23 02:13:34.5906+00
42bde4db-86fe-45d8-93d7-5cb1457a6957,7f04d06c-ca42-403e-8bc7-194f0a0c631a,c4d0c372-0a8c-445d-9994-fe871e8eb544,1,8,2025-12-01 00:26:08.076072+00
43007336-3dba-4912-9cf3-5b85ebf90969,634bef0a-8a4f-4bb4-a7cc-79a5ec61e5cb,c4d0c372-0a8c-445d-9994-fe871e8eb544,0,5,2025-12-23 02:13:34.5906+00
4316dd99-851d-4a2d-9d2c-e1f0ef66adb3,d8d2e264-f062-4c84-bc77-cf67da4c3bf5,f9aa08c8-da66-4064-a39a-3225dadaa1d0,0,3,2025-09-01 12:27:12.189666+00
43b69521-9357-4e6d-a77a-e5b931b0cde6,d8d2e264-f062-4c84-bc77-cf67da4c3bf5,e04c559e-ca37-400e-b70d-64cc03eb3361,1,6,2025-09-01 12:27:12.189666+00
43cc2b8c-ed2f-4674-9a59-2b47f78e616f,284571ab-f355-476f-841c-8d84cf3fc188,3d18f1c8-de23-4c6d-b843-8241da5d994e,2,11,2025-09-15 00:20:33.877931+00
43dbae39-b843-4f24-813a-860dabf6e3bf,d8d2e264-f062-4c84-bc77-cf67da4c3bf5,f9410110-ec63-4a83-ad54-2b5df48b9140,0,2,2025-09-01 12:27:12.189666+00
43ffb552-8681-474d-8af9-0c8d3a5328da,7f04d06c-ca42-403e-8bc7-194f0a0c631a,f9aa08c8-da66-4064-a39a-3225dadaa1d0,1,8,2025-12-01 00:26:08.076072+00
441a82dd-46d5-4e9a-9ed6-97c44f34f8c0,435af285-efb9-47f0-a3b5-aa47b7b78b56,7151cae2-f54e-4f88-9e6a-8ab7fe755160,0,3,2025-11-25 02:24:54.186745+00
4460c52e-48a6-43d9-8b24-0a3b4d0b6dad,d8d2e264-f062-4c84-bc77-cf67da4c3bf5,8ed10184-c01b-4913-be71-bf7b48b8163a,0,1,2025-09-01 12:27:12.189666+00
4496e6d3-11da-4dd3-a903-99ccadca5733,3fbb2bf0-cef3-48b2-9d04-ecba8bd4165b,46a30c5e-11ff-4c44-aa31-29a606850f82,0,4,2025-09-30 00:21:43.959007+00
45a5e986-1ff3-4a3f-83a4-41cc046ab9ea,634bef0a-8a4f-4bb4-a7cc-79a5ec61e5cb,6a57188f-50ad-4d66-88e5-64236a293c32,0,4,2025-12-23 02:13:34.5906+00
46c75430-f726-4515-bd77-96b6bc00b36c,6321df99-8fc5-4465-a345-4e85e454e8cc,eff7bddc-a865-47c4-95fb-fe4116d8c288,2,9,2025-09-22 12:27:57.199993+00
46cd5236-0f72-4f5c-b7d0-b40f7d4192fd,39344544-7804-4c1d-a17b-a1aff7a7f869,46a30c5e-11ff-4c44-aa31-29a606850f82,1,7,2025-11-10 03:54:43.745207+00
470e0ac6-75dd-4144-afa0-e720c38da746,7be0759a-59c6-4da1-be13-e876a9051907,71913bf1-3c89-4850-a771-b807bac56136,2,10,2025-10-21 00:14:04.11767+00
475e9aa9-47a2-4f45-a748-95bf7fd7b5a9,435af285-efb9-47f0-a3b5-aa47b7b78b56,b782ca87-97a5-4e94-96b3-fda9d7a93d5d,2,9,2025-11-25 02:24:54.186745+00
47e11f27-62d1-4c3d-a087-9c26cb420eb7,435af285-efb9-47f0-a3b5-aa47b7b78b56,49f48e02-6af0-4107-8f27-29f67efc4c3a,1,7,2025-11-25 02:24:54.186745+00
47e2288a-6b2b-4668-94d8-070db76ae8bd,7d6130ac-980a-4352-8ec0-29a06643525e,8ed10184-c01b-4913-be71-bf7b48b8163a,2,15,2026-01-12 01:11:49.843879+00
4825dafd-cf97-4e52-b5c2-02cebae061cf,435af285-efb9-47f0-a3b5-aa47b7b78b56,c8b7ea0d-f644-44ff-b89b-a0e352ff3cec,2,8,2025-11-25 02:24:54.186745+00
486b8949-93cf-49ab-aeb5-53a44c017fdd,7f04d06c-ca42-403e-8bc7-194f0a0c631a,298651b6-b5d4-4875-a636-799edae79a84,0,1,2025-12-01 00:26:08.076072+00
48b46e0a-aefe-4623-bdf7-61a73d790b29,28da2862-f00a-44dd-8ab5-a48849d53245,a98cac4a-9401-4a97-b8e6-93a7caee47e9,3,13,2025-11-04 02:39:26.20676+00
48cc0f46-9953-483d-bb75-04553f797817,6321df99-8fc5-4465-a345-4e85e454e8cc,298651b6-b5d4-4875-a636-799edae79a84,0,2,2025-09-22 12:27:57.199993+00
48e3fd43-6bb0-4a71-9d6a-41af9ae9222c,39344544-7804-4c1d-a17b-a1aff7a7f869,298651b6-b5d4-4875-a636-799edae79a84,0,8,2025-11-10 03:54:43.745207+00
48e84122-56b8-4a72-9edf-529ed638664f,28c25bca-56fb-487b-b335-f02e00863c6b,abe5e91c-2516-47f8-98a7-2b1e70ab13b1,1,7,2025-08-26 00:30:53.12888+00
49212475-3af4-4b2a-95dd-742216551100,b8e9c830-4504-4e15-9aba-2cf1e3b2de9d,abe5e91c-2516-47f8-98a7-2b1e70ab13b1,2,11,2026-01-05 01:20:32.782065+00
496bd3fc-034d-41a8-be59-c0ce58c4b759,634bef0a-8a4f-4bb4-a7cc-79a5ec61e5cb,abe5e91c-2516-47f8-98a7-2b1e70ab13b1,0,5,2025-12-23 02:13:34.5906+00
4a5e0056-fbfc-47e1-a1ad-3d0e9f7fe640,7f04d06c-ca42-403e-8bc7-194f0a0c631a,e28417e9-f154-4f39-bf0d-86cb6a1abc32,0,6,2025-12-01 00:26:08.076072+00
4a673ba7-1cf4-4b4d-bcf0-7a8188050367,00c76044-16a0-4acf-a0a5-8de00e9cbc06,6bf245f8-9743-4b7b-ab78-dc0cdd591c6c,0,5,2025-12-16 01:50:33.561015+00
4ae3a965-9fdd-4ebb-be9f-357eaa8bcdb1,284571ab-f355-476f-841c-8d84cf3fc188,abe5e91c-2516-47f8-98a7-2b1e70ab13b1,2,12,2025-09-15 00:20:33.877931+00
4b74628b-6e80-433e-9cbf-ef8415573828,3fbb2bf0-cef3-48b2-9d04-ecba8bd4165b,6a57188f-50ad-4d66-88e5-64236a293c32,1,5,2025-09-30 00:21:43.959007+00
4baff286-2eb2-4eff-88d5-7a06096a6b5b,d7a991ce-94f4-44a6-9e3a-bda9babd7e11,66022633-1ced-4920-a431-b74b54e98345,1,6,2025-12-09 02:15:48.500643+00
4cf3a7bf-41cb-4b9e-b966-df2e6897a4f5,3715512f-bc25-48aa-a319-f9b2ffc2fb15,f9aa08c8-da66-4064-a39a-3225dadaa1d0,0,6,2025-10-27 01:59:34.334362+00
4d305497-2c36-4515-bd02-5c46e81da86b,e1083685-268d-4376-bbc8-14fe74194d46,eb3628cb-9a74-4281-bc9f-ebff66ae268e,2,11,2025-08-18 23:21:21.195482+00
4d8f98ce-278f-41c8-a3d9-cf020afdddc4,7d6130ac-980a-4352-8ec0-29a06643525e,49f48e02-6af0-4107-8f27-29f67efc4c3a,3,14,2026-01-12 01:11:49.843879+00
4f425a7c-9454-4df2-a0b8-7f4956bb698e,3715512f-bc25-48aa-a319-f9b2ffc2fb15,6bf245f8-9743-4b7b-ab78-dc0cdd591c6c,2,8,2025-10-27 01:59:34.334362+00
4f4428f9-04bd-4fbf-905b-8313f76a2256,7be0759a-59c6-4da1-be13-e876a9051907,ceb258ce-454a-4b5f-9321-73fd28390495,1,8,2025-10-21 00:14:04.11767+00
4fb6d4a0-5b1a-44c7-92e1-835b82421198,3fbb2bf0-cef3-48b2-9d04-ecba8bd4165b,eb3628cb-9a74-4281-bc9f-ebff66ae268e,1,6,2025-09-30 00:21:43.959007+00
4fe1ce83-eeaf-47fe-8542-1ceb1bb15fc8,b8e9c830-4504-4e15-9aba-2cf1e3b2de9d,e04c559e-ca37-400e-b70d-64cc03eb3361,0,6,2026-01-05 01:20:32.782065+00
503c3ad4-9b5e-4fca-b5ac-0b241ebd8caa,3715512f-bc25-48aa-a319-f9b2ffc2fb15,eff7bddc-a865-47c4-95fb-fe4116d8c288,1,9,2025-10-27 01:59:34.334362+00
5044422f-176c-445e-ba14-32d4d624d5e2,7f04d06c-ca42-403e-8bc7-194f0a0c631a,b782ca87-97a5-4e94-96b3-fda9d7a93d5d,1,9,2025-12-01 00:26:08.076072+00
5174274a-6c67-4368-b29b-985cc0515494,3715512f-bc25-48aa-a319-f9b2ffc2fb15,c2011527-da58-4568-97f9-ec5c223ead8e,1,5,2025-10-27 01:59:34.334362+00
51a81e8f-84e8-4565-bf46-961627ab3ea0,e1083685-268d-4376-bbc8-14fe74194d46,c4d0c372-0a8c-445d-9994-fe871e8eb544,0,7,2025-08-18 23:21:21.195482+00
524cf1d8-3704-4739-a713-d068178634af,d77ab4fc-0b5e-46dc-8403-2c02eb802dd6,8ed10184-c01b-4913-be71-bf7b48b8163a,0,6,2025-10-05 23:57:44.019951+00
527eee59-1746-4adb-a633-dbb1643897e8,7f04d06c-ca42-403e-8bc7-194f0a0c631a,a98cac4a-9401-4a97-b8e6-93a7caee47e9,1,7,2025-12-01 00:26:08.076072+00
52e2a6a6-01f3-4d24-9b0a-def1f5d25abe,e1083685-268d-4376-bbc8-14fe74194d46,eff7bddc-a865-47c4-95fb-fe4116d8c288,0,3,2025-08-18 23:21:21.195482+00
531c50fe-1ceb-40f1-b05b-947f53ad44eb,37bc4415-6386-4c1c-9a8b-453802fa72e1,857f0ddb-bbf7-490f-89e7-c393913d1937,1,9,2025-12-29 01:10:50.647344+00
534f4dcc-e0c5-47e2-8ea8-c72bdcd60451,00c76044-16a0-4acf-a0a5-8de00e9cbc06,e2ffaf02-f17f-4be3-b3ee-651d39315af1,0,5,2025-12-16 01:50:33.561015+00
5355a5f7-3b3e-4e8a-be96-89db571e66fb,284571ab-f355-476f-841c-8d84cf3fc188,49f48e02-6af0-4107-8f27-29f67efc4c3a,0,5,2025-09-15 00:20:33.877931+00
53827fb7-8d5c-409c-a23f-d4836f9578ab,634bef0a-8a4f-4bb4-a7cc-79a5ec61e5cb,182f8371-048a-4f6e-b95d-149f368c3c44,3,14,2025-12-23 02:13:34.5906+00
5384beb3-e139-4ca9-bac5-3693fd1c8671,e1083685-268d-4376-bbc8-14fe74194d46,ceb258ce-454a-4b5f-9321-73fd28390495,1,8,2025-08-18 23:21:21.195482+00
53dcea20-e36f-4e22-a783-283876f9b01c,435af285-efb9-47f0-a3b5-aa47b7b78b56,ceb258ce-454a-4b5f-9321-73fd28390495,2,10,2025-11-25 02:24:54.186745+00
55797580-5f0e-491a-b891-6ba015c4cc35,28c25bca-56fb-487b-b335-f02e00863c6b,7151cae2-f54e-4f88-9e6a-8ab7fe755160,2,14,2025-08-26 00:30:53.12888+00
55955843-3708-4c57-a503-0f85e02b76e2,6321df99-8fc5-4465-a345-4e85e454e8cc,4f4c26c5-21c6-4a45-b9ab-141ea2936063,2,9,2025-09-22 12:27:57.199993+00
56c43674-fa2e-450e-a469-74717074be4b,7be0759a-59c6-4da1-be13-e876a9051907,f9aa08c8-da66-4064-a39a-3225dadaa1d0,0,4,2025-10-21 00:14:04.11767+00
56fec482-9895-4039-baa5-9ff61e9ee35f,3fbb2bf0-cef3-48b2-9d04-ecba8bd4165b,f9410110-ec63-4a83-ad54-2b5df48b9140,1,10,2025-09-30 00:21:43.959007+00
5744381b-28a8-4e12-896c-4016329fe33a,3fbb2bf0-cef3-48b2-9d04-ecba8bd4165b,95f43b8d-de0d-4dd2-a9bb-0cdfe02e247a,0,3,2025-09-30 00:21:43.959007+00
57aa200e-cf4f-40e7-aad9-a2cb14ec037f,b8e9c830-4504-4e15-9aba-2cf1e3b2de9d,7151cae2-f54e-4f88-9e6a-8ab7fe755160,0,5,2026-01-05 01:20:32.782065+00
58ddb4b4-3c3c-4781-98f4-675aa83de7fd,28c25bca-56fb-487b-b335-f02e00863c6b,25472e3e-4928-440c-84a8-ed85a6e4cf34,2,12,2025-08-26 00:30:53.12888+00
590f8692-40f7-49f8-b26f-94c370990797,37bc4415-6386-4c1c-9a8b-453802fa72e1,e2ffaf02-f17f-4be3-b3ee-651d39315af1,0,5,2025-12-29 01:10:50.647344+00
599346f5-06fe-41b8-aca3-ee49ae8ce1d0,28c25bca-56fb-487b-b335-f02e00863c6b,857f0ddb-bbf7-490f-89e7-c393913d1937,1,6,2025-08-26 00:30:53.12888+00
59d1bc94-aaaf-40cf-a332-4e4fcb198b18,7f04d06c-ca42-403e-8bc7-194f0a0c631a,78c6e1c2-6f06-4cf7-8a82-54f62c0e9504,0,5,2025-12-01 00:26:08.076072+00
5a430d56-5225-4adb-8cdc-a452e6ebabed,28da2862-f00a-44dd-8ab5-a48849d53245,584d969b-f2c5-4e89-a226-9d5d47bebe23,1,7,2025-11-04 02:39:26.20676+00
5ab14227-d573-4f60-85c3-b58edb9ce03e,39344544-7804-4c1d-a17b-a1aff7a7f869,7151cae2-f54e-4f88-9e6a-8ab7fe755160,3,16,2025-11-10 03:54:43.745207+00
5b5845ad-47df-4679-9263-f45d6287daaf,7be0759a-59c6-4da1-be13-e876a9051907,eb3628cb-9a74-4281-bc9f-ebff66ae268e,0,3,2025-10-21 00:14:04.11767+00
5b8b0aaa-3aca-49d5-8708-32004c6f69a9,b8e9c830-4504-4e15-9aba-2cf1e3b2de9d,ceb258ce-454a-4b5f-9321-73fd28390495,0,3,2026-01-05 01:20:32.782065+00
5c0202fe-3bca-4923-90c7-81d294a7ef0c,7be0759a-59c6-4da1-be13-e876a9051907,6bf245f8-9743-4b7b-ab78-dc0cdd591c6c,0,5,2025-10-21 00:14:04.11767+00
5c0240a4-85b7-4e4d-9ba8-fab78fdde6a6,3fbb2bf0-cef3-48b2-9d04-ecba8bd4165b,c4d0c372-0a8c-445d-9994-fe871e8eb544,0,2,2025-09-30 00:21:43.959007+00
5d6afa79-9eeb-4241-a76f-459353bfd140,28c25bca-56fb-487b-b335-f02e00863c6b,46a30c5e-11ff-4c44-aa31-29a606850f82,0,5,2025-08-26 00:30:53.12888+00
5d6cd5bb-5366-41ff-bd7d-2269c449014c,b8e9c830-4504-4e15-9aba-2cf1e3b2de9d,c8b7ea0d-f644-44ff-b89b-a0e352ff3cec,2,11,2026-01-05 01:20:32.782065+00
5d779c5c-3b22-4dcf-a284-eb52bc2e3041,3715512f-bc25-48aa-a319-f9b2ffc2fb15,c4d0c372-0a8c-445d-9994-fe871e8eb544,3,10,2025-10-27 01:59:34.334362+00
5d9e412b-a13b-4aa9-8702-9c481bb58b2b,6321df99-8fc5-4465-a345-4e85e454e8cc,a98cac4a-9401-4a97-b8e6-93a7caee47e9,3,11,2025-09-22 12:27:57.199993+00
5d9e4688-6ee8-4b16-82ae-b0c9501c159a,435af285-efb9-47f0-a3b5-aa47b7b78b56,a98cac4a-9401-4a97-b8e6-93a7caee47e9,3,11,2025-11-25 02:24:54.186745+00
5e8e7be9-9bf3-4831-9fe9-57e6a90ec93d,b8e9c830-4504-4e15-9aba-2cf1e3b2de9d,66022633-1ced-4920-a431-b74b54e98345,1,8,2026-01-05 01:20:32.782065+00
5f567c17-456f-41ca-8b2f-230432213ebe,284571ab-f355-476f-841c-8d84cf3fc188,8ed10184-c01b-4913-be71-bf7b48b8163a,0,5,2025-09-15 00:20:33.877931+00
5f6a2e6d-0829-47de-abda-f6f3d2cd3418,3715512f-bc25-48aa-a319-f9b2ffc2fb15,857f0ddb-bbf7-490f-89e7-c393913d1937,0,7,2025-10-27 01:59:34.334362+00
60506367-5e2f-4ba3-9c4c-20cd2d7c7451,28da2862-f00a-44dd-8ab5-a48849d53245,182f8371-048a-4f6e-b95d-149f368c3c44,1,11,2025-11-04 02:39:26.20676+00
60ae7027-a3c0-4bab-af5c-3f6c8bac1d55,28da2862-f00a-44dd-8ab5-a48849d53245,b782ca87-97a5-4e94-96b3-fda9d7a93d5d,0,4,2025-11-04 02:39:26.20676+00
60d3645b-1ad9-4d63-8997-5293ef790ecd,d8d2e264-f062-4c84-bc77-cf67da4c3bf5,eb3628cb-9a74-4281-bc9f-ebff66ae268e,0,2,2025-09-01 12:27:12.189666+00
60eab6f4-0659-498c-8011-c7d7e696385d,6321df99-8fc5-4465-a345-4e85e454e8cc,71913bf1-3c89-4850-a771-b807bac56136,0,4,2025-09-22 12:27:57.199993+00
61189c3b-2703-452a-b36f-a81484511546,3fbb2bf0-cef3-48b2-9d04-ecba8bd4165b,f9aa08c8-da66-4064-a39a-3225dadaa1d0,1,6,2025-09-30 00:21:43.959007+00
61a92830-6e40-422d-a1ff-f646c57ff2d0,7d6130ac-980a-4352-8ec0-29a06643525e,e28417e9-f154-4f39-bf0d-86cb6a1abc32,1,7,2026-01-12 01:11:49.843879+00
623a9662-2a35-4214-9c19-950254cb78c7,d77ab4fc-0b5e-46dc-8403-2c02eb802dd6,25472e3e-4928-440c-84a8-ed85a6e4cf34,1,8,2025-10-05 23:57:44.019951+00
627bb829-8473-410e-a4fb-769d1102a0e5,37bc4415-6386-4c1c-9a8b-453802fa72e1,71913bf1-3c89-4850-a771-b807bac56136,3,10,2025-12-29 01:10:50.647344+00
62a837cb-209d-4973-a145-d0bf16fee9ec,b8e9c830-4504-4e15-9aba-2cf1e3b2de9d,3d18f1c8-de23-4c6d-b843-8241da5d994e,1,6,2026-01-05 01:20:32.782065+00
63356d6f-dce1-41b9-b49b-d5b78c952a63,37bc4415-6386-4c1c-9a8b-453802fa72e1,49f48e02-6af0-4107-8f27-29f67efc4c3a,0,5,2025-12-29 01:10:50.647344+00
6347a205-ef1b-4a13-a90d-21afaa03087d,39344544-7804-4c1d-a17b-a1aff7a7f869,3d18f1c8-de23-4c6d-b843-8241da5d994e,0,6,2025-11-10 03:54:43.745207+00
638a7134-c533-4428-9392-04bebf63629e,3fbb2bf0-cef3-48b2-9d04-ecba8bd4165b,182f8371-048a-4f6e-b95d-149f368c3c44,1,8,2025-09-30 00:21:43.959007+00
63974e3f-d9f4-44fe-a21e-2d52c2ed76d1,3715512f-bc25-48aa-a319-f9b2ffc2fb15,95f43b8d-de0d-4dd2-a9bb-0cdfe02e247a,1,6,2025-10-27 01:59:34.334362+00
639d2ee5-f877-453c-b319-d38891d73943,d77ab4fc-0b5e-46dc-8403-2c02eb802dd6,f9aa08c8-da66-4064-a39a-3225dadaa1d0,2,11,2025-10-05 23:57:44.019951+00
649469e3-f051-47f1-90dd-c56c5b26c38a,b8e9c830-4504-4e15-9aba-2cf1e3b2de9d,eff7bddc-a865-47c4-95fb-fe4116d8c288,2,10,2026-01-05 01:20:32.782065+00
651d23d4-e48a-48c6-b121-b15f0c7b80f9,d8d2e264-f062-4c84-bc77-cf67da4c3bf5,71913bf1-3c89-4850-a771-b807bac56136,0,5,2025-09-01 12:27:12.189666+00
653df1a6-643e-43ed-833a-ece07edb6403,284571ab-f355-476f-841c-8d84cf3fc188,46a30c5e-11ff-4c44-aa31-29a606850f82,0,2,2025-09-15 00:20:33.877931+00
66291e2d-2471-46ee-aec6-08dfcb0d22d4,7d6130ac-980a-4352-8ec0-29a06643525e,6a57188f-50ad-4d66-88e5-64236a293c32,0,6,2026-01-12 01:11:49.843879+00
662e8847-a601-42aa-88fa-0a03b257040d,d8d2e264-f062-4c84-bc77-cf67da4c3bf5,ceb258ce-454a-4b5f-9321-73fd28390495,0,3,2025-09-01 12:27:12.189666+00
665d5db9-1b25-4e1b-b571-da5f2979c5b1,00c76044-16a0-4acf-a0a5-8de00e9cbc06,4f4c26c5-21c6-4a45-b9ab-141ea2936063,2,10,2025-12-16 01:50:33.561015+00
670fb8f9-3d16-4b4c-9530-27fe442f1004,28da2862-f00a-44dd-8ab5-a48849d53245,78c6e1c2-6f06-4cf7-8a82-54f62c0e9504,1,10,2025-11-04 02:39:26.20676+00
6771f9e0-a9d7-4644-a3f2-81ec9e7289e7,b8e9c830-4504-4e15-9aba-2cf1e3b2de9d,584d969b-f2c5-4e89-a226-9d5d47bebe23,1,12,2026-01-05 01:20:32.782065+00
6943d62f-ce2a-4f2a-bff7-0687d2692d4b,28c25bca-56fb-487b-b335-f02e00863c6b,c2011527-da58-4568-97f9-ec5c223ead8e,1,6,2025-08-26 00:30:53.12888+00
6bd7bf41-0d7f-47f5-81a7-6228428b975b,284571ab-f355-476f-841c-8d84cf3fc188,857f0ddb-bbf7-490f-89e7-c393913d1937,3,14,2025-09-15 00:20:33.877931+00
6bfe5714-0b3a-421e-b0f5-53a63a539f69,7be0759a-59c6-4da1-be13-e876a9051907,abe5e91c-2516-47f8-98a7-2b1e70ab13b1,0,3,2025-10-21 00:14:04.11767+00
6cad8e94-aab1-409d-b7ec-56ac1043b3b0,7be0759a-59c6-4da1-be13-e876a9051907,6e5a68ef-c26c-4776-8f8c-7f3c22bc3f06,0,4,2025-10-21 00:14:04.11767+00
6d31de1e-ce38-4b65-b382-ea747e3480fd,3715512f-bc25-48aa-a319-f9b2ffc2fb15,4f4c26c5-21c6-4a45-b9ab-141ea2936063,0,4,2025-10-27 01:59:34.334362+00
6d422eaa-8ee9-4160-b081-817371b1f5ba,e1083685-268d-4376-bbc8-14fe74194d46,9a205562-9e06-49d8-865b-a0dfb3de0b20,0,4,2025-08-18 23:21:21.195482+00
6d7f4baf-3358-4c25-a183-b16b93759a0a,28c25bca-56fb-487b-b335-f02e00863c6b,c8b7ea0d-f644-44ff-b89b-a0e352ff3cec,1,7,2025-08-26 00:30:53.12888+00
6dc01893-c048-4c19-b9f6-ae66a1427b17,39344544-7804-4c1d-a17b-a1aff7a7f869,ceb258ce-454a-4b5f-9321-73fd28390495,0,4,2025-11-10 03:54:43.745207+00
6f8c8334-4326-45c9-9982-7cae1f4c73df,d77ab4fc-0b5e-46dc-8403-2c02eb802dd6,c8b7ea0d-f644-44ff-b89b-a0e352ff3cec,4,20,2025-10-05 23:57:44.019951+00
7017a89a-938c-4375-aad6-7f26261bf6a9,435af285-efb9-47f0-a3b5-aa47b7b78b56,c2011527-da58-4568-97f9-ec5c223ead8e,1,8,2025-11-25 02:24:54.186745+00
7068f972-4893-4e94-8b93-8f4a93ba3fdc,284571ab-f355-476f-841c-8d84cf3fc188,eff7bddc-a865-47c4-95fb-fe4116d8c288,1,10,2025-09-15 00:20:33.877931+00
712ee6c6-c693-4bf5-a8cf-13486da09ec1,e1083685-268d-4376-bbc8-14fe74194d46,8ed10184-c01b-4913-be71-bf7b48b8163a,0,6,2025-08-18 23:21:21.195482+00
726d5d0e-0a3f-4229-9092-cc7b53653d71,37bc4415-6386-4c1c-9a8b-453802fa72e1,66022633-1ced-4920-a431-b74b54e98345,1,6,2025-12-29 01:10:50.647344+00
72e6c025-fe56-4b98-b9b5-2e6024bf8399,37bc4415-6386-4c1c-9a8b-453802fa72e1,4f4c26c5-21c6-4a45-b9ab-141ea2936063,1,8,2025-12-29 01:10:50.647344+00
72f49f11-01ee-419c-92d9-f48aa7fa82a2,39344544-7804-4c1d-a17b-a1aff7a7f869,95f43b8d-de0d-4dd2-a9bb-0cdfe02e247a,1,10,2025-11-10 03:54:43.745207+00
737496a2-6e16-4c60-9d09-b4a72e3137a3,284571ab-f355-476f-841c-8d84cf3fc188,7151cae2-f54e-4f88-9e6a-8ab7fe755160,0,3,2025-09-15 00:20:33.877931+00
7399015f-d160-48bc-a993-be243c8f2c59,00c76044-16a0-4acf-a0a5-8de00e9cbc06,9a205562-9e06-49d8-865b-a0dfb3de0b20,1,12,2025-12-16 01:50:33.561015+00
73dd165f-f5d9-4946-a071-0d5801fc7901,e1083685-268d-4376-bbc8-14fe74194d46,3d18f1c8-de23-4c6d-b843-8241da5d994e,1,9,2025-08-18 23:21:21.195482+00
73fab1c8-d894-453f-a5cc-7e7bc9d8845e,7be0759a-59c6-4da1-be13-e876a9051907,46a30c5e-11ff-4c44-aa31-29a606850f82,0,4,2025-10-21 00:14:04.11767+00
742f1426-f60b-46ca-9b22-4fab1dd5559a,3fbb2bf0-cef3-48b2-9d04-ecba8bd4165b,25472e3e-4928-440c-84a8-ed85a6e4cf34,0,3,2025-09-30 00:21:43.959007+00
747efc38-3afc-4ae1-87e7-0414c3d28c68,7be0759a-59c6-4da1-be13-e876a9051907,c4d0c372-0a8c-445d-9994-fe871e8eb544,0,3,2025-10-21 00:14:04.11767+00
74a27d9b-fea7-4665-90ed-f00d0ae7ac05,284571ab-f355-476f-841c-8d84cf3fc188,71913bf1-3c89-4850-a771-b807bac56136,1,7,2025-09-15 00:20:33.877931+00
74c6f99a-b93f-409c-a182-dd9ee29b7ac5,284571ab-f355-476f-841c-8d84cf3fc188,6bf245f8-9743-4b7b-ab78-dc0cdd591c6c,2,11,2025-09-15 00:20:33.877931+00
7565252c-ac84-4fea-a4a4-c844371beaf1,d7a991ce-94f4-44a6-9e3a-bda9babd7e11,e28417e9-f154-4f39-bf0d-86cb6a1abc32,2,9,2025-12-09 02:15:48.500643+00
75b87433-311d-4cf7-ab8d-f4af01e675b1,634bef0a-8a4f-4bb4-a7cc-79a5ec61e5cb,71913bf1-3c89-4850-a771-b807bac56136,1,9,2025-12-23 02:13:34.5906+00
75cc0ce3-5e2d-494d-9bd2-cbb9ff180255,284571ab-f355-476f-841c-8d84cf3fc188,e04c559e-ca37-400e-b70d-64cc03eb3361,1,8,2025-09-15 00:20:33.877931+00
7624b09c-9b03-4422-9295-24d0369efcdd,37bc4415-6386-4c1c-9a8b-453802fa72e1,eb3628cb-9a74-4281-bc9f-ebff66ae268e,1,4,2025-12-29 01:10:50.647344+00
76d0ae7d-448d-4471-b2f5-0200680572d8,7d6130ac-980a-4352-8ec0-29a06643525e,4f4c26c5-21c6-4a45-b9ab-141ea2936063,2,10,2026-01-12 01:11:49.843879+00
7725ffb8-beaa-4542-bd1f-958a84c144e5,7be0759a-59c6-4da1-be13-e876a9051907,7151cae2-f54e-4f88-9e6a-8ab7fe755160,0,4,2025-10-21 00:14:04.11767+00
7762bf36-22ea-407a-9ad3-fd7518c82208,3715512f-bc25-48aa-a319-f9b2ffc2fb15,71913bf1-3c89-4850-a771-b807bac56136,1,8,2025-10-27 01:59:34.334362+00
777aa02a-7c6e-4712-880f-afb43e29a322,d7a991ce-94f4-44a6-9e3a-bda9babd7e11,4f4c26c5-21c6-4a45-b9ab-141ea2936063,0,3,2025-12-09 02:15:48.500643+00
779b6bed-b5de-486f-a9cc-8df44c82e8a0,3715512f-bc25-48aa-a319-f9b2ffc2fb15,f9410110-ec63-4a83-ad54-2b5df48b9140,1,12,2025-10-27 01:59:34.334362+00
7886f4ff-8482-44f3-97e6-c7a67b54d8c7,7f04d06c-ca42-403e-8bc7-194f0a0c631a,66022633-1ced-4920-a431-b74b54e98345,0,5,2025-12-01 00:26:08.076072+00
78b3137f-85b9-43c2-99eb-1e7dbb9f26c2,6321df99-8fc5-4465-a345-4e85e454e8cc,25472e3e-4928-440c-84a8-ed85a6e4cf34,1,8,2025-09-22 12:27:57.199993+00
793f9650-6070-4f13-a846-7b9f9293d866,00c76044-16a0-4acf-a0a5-8de00e9cbc06,95f43b8d-de0d-4dd2-a9bb-0cdfe02e247a,1,6,2025-12-16 01:50:33.561015+00
7958eca0-6234-4d5a-b6e9-8b793135661b,3fbb2bf0-cef3-48b2-9d04-ecba8bd4165b,b782ca87-97a5-4e94-96b3-fda9d7a93d5d,0,5,2025-09-30 00:21:43.959007+00
79af9dfc-6cf7-48e1-9ac4-9bf3d0594cfd,7f04d06c-ca42-403e-8bc7-194f0a0c631a,9a205562-9e06-49d8-865b-a0dfb3de0b20,0,4,2025-12-01 00:26:08.076072+00
79b94620-8be9-408e-8e4f-6863c51fc6bb,b8e9c830-4504-4e15-9aba-2cf1e3b2de9d,f9aa08c8-da66-4064-a39a-3225dadaa1d0,0,4,2026-01-05 01:20:32.782065+00
79c134bf-292c-48b1-bb48-b76b704b29d0,b8e9c830-4504-4e15-9aba-2cf1e3b2de9d,9a205562-9e06-49d8-865b-a0dfb3de0b20,1,6,2026-01-05 01:20:32.782065+00
7a1d4dbe-9615-4d5a-b7d0-4c38ef31dd8e,28c25bca-56fb-487b-b335-f02e00863c6b,b782ca87-97a5-4e94-96b3-fda9d7a93d5d,2,10,2025-08-26 00:30:53.12888+00
7a41288f-fe5b-4b47-b59a-d3ffa8070615,e1083685-268d-4376-bbc8-14fe74194d46,584d969b-f2c5-4e89-a226-9d5d47bebe23,0,7,2025-08-18 23:21:21.195482+00
7aa2816b-d55c-4d8d-b70a-2035d7570058,d8d2e264-f062-4c84-bc77-cf67da4c3bf5,857f0ddb-bbf7-490f-89e7-c393913d1937,1,6,2025-09-01 12:27:12.189666+00
7b26a722-ca24-457a-aa42-9be60d9b36c7,b8e9c830-4504-4e15-9aba-2cf1e3b2de9d,c2011527-da58-4568-97f9-ec5c223ead8e,0,2,2026-01-05 01:20:32.782065+00
7b622734-d3cc-43c9-aa9f-595269a3d2b1,284571ab-f355-476f-841c-8d84cf3fc188,f9aa08c8-da66-4064-a39a-3225dadaa1d0,0,8,2025-09-15 00:20:33.877931+00
7bd05af7-d483-4ad0-be8b-251a11820683,28c25bca-56fb-487b-b335-f02e00863c6b,298651b6-b5d4-4875-a636-799edae79a84,1,7,2025-08-26 00:30:53.12888+00
7be53d11-ace4-4bc7-8a85-b2251c05881a,284571ab-f355-476f-841c-8d84cf3fc188,78c6e1c2-6f06-4cf7-8a82-54f62c0e9504,1,8,2025-09-15 00:20:33.877931+00
7c0e91b1-1b7b-42b3-8d74-5134f01c3a65,d7a991ce-94f4-44a6-9e3a-bda9babd7e11,182f8371-048a-4f6e-b95d-149f368c3c44,1,6,2025-12-09 02:15:48.500643+00
7c3003f8-dd81-4c96-8436-ce085415afa8,634bef0a-8a4f-4bb4-a7cc-79a5ec61e5cb,eff7bddc-a865-47c4-95fb-fe4116d8c288,1,5,2025-12-23 02:13:34.5906+00
7cd01ed9-3d8d-431c-82f0-d7e09f36e52e,634bef0a-8a4f-4bb4-a7cc-79a5ec61e5cb,c8b7ea0d-f644-44ff-b89b-a0e352ff3cec,3,12,2025-12-23 02:13:34.5906+00
7cd54ade-1905-42dc-b98d-ac458c31122c,3fbb2bf0-cef3-48b2-9d04-ecba8bd4165b,eff7bddc-a865-47c4-95fb-fe4116d8c288,0,2,2025-09-30 00:21:43.959007+00
7d023d2c-81ae-42cc-b47e-35d7cf7aba30,3fbb2bf0-cef3-48b2-9d04-ecba8bd4165b,4f4c26c5-21c6-4a45-b9ab-141ea2936063,0,3,2025-09-30 00:21:43.959007+00
7d22f01f-dacf-4557-bf33-a51fdbfadd10,7f04d06c-ca42-403e-8bc7-194f0a0c631a,584d969b-f2c5-4e89-a226-9d5d47bebe23,0,3,2025-12-01 00:26:08.076072+00
7d5f13c2-71e6-41a7-8046-f6ed5286aaf6,37bc4415-6386-4c1c-9a8b-453802fa72e1,b782ca87-97a5-4e94-96b3-fda9d7a93d5d,0,3,2025-12-29 01:10:50.647344+00
7e377fe2-af5a-496f-bb99-f57222ea12a0,7f04d06c-ca42-403e-8bc7-194f0a0c631a,6bf245f8-9743-4b7b-ab78-dc0cdd591c6c,0,4,2025-12-01 00:26:08.076072+00
7ebc3124-c4d9-47ea-89a6-381311c738fd,3715512f-bc25-48aa-a319-f9b2ffc2fb15,e04c559e-ca37-400e-b70d-64cc03eb3361,0,5,2025-10-27 01:59:34.334362+00
7f2286dd-3e3d-4801-8f2f-c13646b6650f,7be0759a-59c6-4da1-be13-e876a9051907,c8b7ea0d-f644-44ff-b89b-a0e352ff3cec,1,7,2025-10-21 00:14:04.11767+00
7f482835-37c3-4a38-9ee5-4eccac5809d7,634bef0a-8a4f-4bb4-a7cc-79a5ec61e5cb,f9410110-ec63-4a83-ad54-2b5df48b9140,1,6,2025-12-23 02:13:34.5906+00
7fa09e0f-5408-44d6-a515-970c540108da,e1083685-268d-4376-bbc8-14fe74194d46,a98cac4a-9401-4a97-b8e6-93a7caee47e9,2,15,2025-08-18 23:21:21.195482+00
7fbc40e0-9a4c-49d8-9c93-c2392eb8b46d,3715512f-bc25-48aa-a319-f9b2ffc2fb15,8ed10184-c01b-4913-be71-bf7b48b8163a,0,3,2025-10-27 01:59:34.334362+00
7fd9782f-1426-4051-8256-c536246d11e9,3fbb2bf0-cef3-48b2-9d04-ecba8bd4165b,a98cac4a-9401-4a97-b8e6-93a7caee47e9,1,4,2025-09-30 00:21:43.959007+00
814d4a45-4587-4f34-903b-b84396c0ab58,7be0759a-59c6-4da1-be13-e876a9051907,eff7bddc-a865-47c4-95fb-fe4116d8c288,1,9,2025-10-21 00:14:04.11767+00
818ca554-d743-42d6-badc-e1e80d3b7724,28c25bca-56fb-487b-b335-f02e00863c6b,f9410110-ec63-4a83-ad54-2b5df48b9140,0,4,2025-08-26 00:30:53.12888+00
81f266b2-94b4-46f0-a0c1-5cbafb3cab67,d8d2e264-f062-4c84-bc77-cf67da4c3bf5,6e5a68ef-c26c-4776-8f8c-7f3c22bc3f06,1,3,2025-09-01 12:27:12.189666+00
822631b5-a658-410b-86f5-64487e825512,3fbb2bf0-cef3-48b2-9d04-ecba8bd4165b,ceb258ce-454a-4b5f-9321-73fd28390495,1,4,2025-09-30 00:21:43.959007+00
829e1170-e7eb-4559-9db5-5e133b33ef33,284571ab-f355-476f-841c-8d84cf3fc188,182f8371-048a-4f6e-b95d-149f368c3c44,1,6,2025-09-15 00:20:33.877931+00
82ad5320-6bfe-4f28-b28b-df35dcd0c514,d7a991ce-94f4-44a6-9e3a-bda9babd7e11,6a57188f-50ad-4d66-88e5-64236a293c32,0,5,2025-12-09 02:15:48.500643+00
82c688f6-0fbf-449c-86e2-8d6283fc03c6,28da2862-f00a-44dd-8ab5-a48849d53245,6a57188f-50ad-4d66-88e5-64236a293c32,3,14,2025-11-04 02:39:26.20676+00
82fbdcb0-55d3-4c40-ae2c-348bac47a628,d77ab4fc-0b5e-46dc-8403-2c02eb802dd6,298651b6-b5d4-4875-a636-799edae79a84,0,6,2025-10-05 23:57:44.019951+00
8408ed04-2b2c-4f23-980e-2810aaebc1e1,28da2862-f00a-44dd-8ab5-a48849d53245,3d18f1c8-de23-4c6d-b843-8241da5d994e,2,13,2025-11-04 02:39:26.20676+00
846e1b40-241d-441e-bb58-ab06ecb74797,435af285-efb9-47f0-a3b5-aa47b7b78b56,6bf245f8-9743-4b7b-ab78-dc0cdd591c6c,1,7,2025-11-25 02:24:54.186745+00
84dd721b-7034-41d0-a00b-007f321b3971,37bc4415-6386-4c1c-9a8b-453802fa72e1,6a57188f-50ad-4d66-88e5-64236a293c32,0,6,2025-12-29 01:10:50.647344+00
86014850-f19a-425e-8059-b77328ffde80,7be0759a-59c6-4da1-be13-e876a9051907,e04c559e-ca37-400e-b70d-64cc03eb3361,2,9,2025-10-21 00:14:04.11767+00
861bb224-e8c7-40a8-9950-8c576af215b0,e1083685-268d-4376-bbc8-14fe74194d46,abe5e91c-2516-47f8-98a7-2b1e70ab13b1,0,3,2025-08-18 23:21:21.195482+00
8635f38d-55ac-45e2-90e0-b0ba050bdcf7,284571ab-f355-476f-841c-8d84cf3fc188,eb3628cb-9a74-4281-bc9f-ebff66ae268e,1,11,2025-09-15 00:20:33.877931+00
8661f706-187d-46d1-8f6f-185a82355c86,284571ab-f355-476f-841c-8d84cf3fc188,b782ca87-97a5-4e94-96b3-fda9d7a93d5d,1,9,2025-09-15 00:20:33.877931+00
86992ca3-f0a3-4c85-9599-2683b65aac95,3715512f-bc25-48aa-a319-f9b2ffc2fb15,49f48e02-6af0-4107-8f27-29f67efc4c3a,1,5,2025-10-27 01:59:34.334362+00
877bec60-b6f3-4b15-90d0-f51e5e257f29,28da2862-f00a-44dd-8ab5-a48849d53245,e2ffaf02-f17f-4be3-b3ee-651d39315af1,2,12,2025-11-04 02:39:26.20676+00
87be29dc-7ad8-411b-aa7c-515b9189309b,435af285-efb9-47f0-a3b5-aa47b7b78b56,f9aa08c8-da66-4064-a39a-3225dadaa1d0,0,4,2025-11-25 02:24:54.186745+00
88057191-52b5-41da-9bf5-0ced21975690,b8e9c830-4504-4e15-9aba-2cf1e3b2de9d,182f8371-048a-4f6e-b95d-149f368c3c44,1,5,2026-01-05 01:20:32.782065+00
8832f468-cfc0-4ab9-a1e0-f145645cad0b,7d6130ac-980a-4352-8ec0-29a06643525e,eff7bddc-a865-47c4-95fb-fe4116d8c288,1,7,2026-01-12 01:11:49.843879+00
888782a3-d8ae-4975-af51-70f095a12182,7f04d06c-ca42-403e-8bc7-194f0a0c631a,eff7bddc-a865-47c4-95fb-fe4116d8c288,0,4,2025-12-01 00:26:08.076072+00
889dc8e1-9c98-489d-a970-68b29c7ad579,b8e9c830-4504-4e15-9aba-2cf1e3b2de9d,95f43b8d-de0d-4dd2-a9bb-0cdfe02e247a,0,5,2026-01-05 01:20:32.782065+00
88a06a24-dcb0-4a95-9a34-9bbdb576ecbd,d77ab4fc-0b5e-46dc-8403-2c02eb802dd6,584d969b-f2c5-4e89-a226-9d5d47bebe23,1,8,2025-10-05 23:57:44.019951+00
88a5ae10-effd-41b2-a80d-6dca71c40d2d,d77ab4fc-0b5e-46dc-8403-2c02eb802dd6,4f4c26c5-21c6-4a45-b9ab-141ea2936063,4,17,2025-10-05 23:57:44.019951+00
88e68d3f-6bc5-49d0-a73a-de874d6d60fd,28c25bca-56fb-487b-b335-f02e00863c6b,78c6e1c2-6f06-4cf7-8a82-54f62c0e9504,1,10,2025-08-26 00:30:53.12888+00
88ea30b2-6e55-4bba-bf0b-3f88860c0185,634bef0a-8a4f-4bb4-a7cc-79a5ec61e5cb,e04c559e-ca37-400e-b70d-64cc03eb3361,2,10,2025-12-23 02:13:34.5906+00
8916b54e-1200-4aaa-bf48-4af053cb66f0,e1083685-268d-4376-bbc8-14fe74194d46,e04c559e-ca37-400e-b70d-64cc03eb3361,0,5,2025-08-18 23:21:21.195482+00
89a7d65f-21a6-40de-b3df-748a86d20929,634bef0a-8a4f-4bb4-a7cc-79a5ec61e5cb,c2011527-da58-4568-97f9-ec5c223ead8e,1,7,2025-12-23 02:13:34.5906+00
89c66871-d6a1-4336-91b6-0253c8f71a8d,7d6130ac-980a-4352-8ec0-29a06643525e,95f43b8d-de0d-4dd2-a9bb-0cdfe02e247a,2,9,2026-01-12 01:11:49.843879+00
89e13107-b67c-49b7-a1e2-32d6e4a6c9d7,3715512f-bc25-48aa-a319-f9b2ffc2fb15,584d969b-f2c5-4e89-a226-9d5d47bebe23,2,8,2025-10-27 01:59:34.334362+00
8a57b0cc-f9f2-4922-be70-ec26d36ae4b1,7be0759a-59c6-4da1-be13-e876a9051907,f9410110-ec63-4a83-ad54-2b5df48b9140,0,2,2025-10-21 00:14:04.11767+00
8a6052d8-ceb6-46eb-9bbc-d5fd665df059,b8e9c830-4504-4e15-9aba-2cf1e3b2de9d,6a57188f-50ad-4d66-88e5-64236a293c32,2,9,2026-01-05 01:20:32.782065+00
8a6d8283-05f7-4a62-863b-c5dd2577a458,00c76044-16a0-4acf-a0a5-8de00e9cbc06,7151cae2-f54e-4f88-9e6a-8ab7fe755160,0,4,2025-12-16 01:50:33.561015+00
8a8ae8a6-c355-4c26-9d1a-34ba8fbb8cc8,7be0759a-59c6-4da1-be13-e876a9051907,66022633-1ced-4920-a431-b74b54e98345,1,7,2025-10-21 00:14:04.11767+00
8b824595-f3ae-4890-ab36-550b0862e9b1,e1083685-268d-4376-bbc8-14fe74194d46,78c6e1c2-6f06-4cf7-8a82-54f62c0e9504,1,7,2025-08-18 23:21:21.195482+00
8c0be433-089b-4a6c-9f05-a7c50a39253e,28da2862-f00a-44dd-8ab5-a48849d53245,66022633-1ced-4920-a431-b74b54e98345,0,4,2025-11-04 02:39:26.20676+00
8c0e1b01-e8fa-4de1-803c-c3fca2473864,7f04d06c-ca42-403e-8bc7-194f0a0c631a,71913bf1-3c89-4850-a771-b807bac56136,1,6,2025-12-01 00:26:08.076072+00
8c8c0ef6-d09e-498a-aca2-e7524a22ee69,6321df99-8fc5-4465-a345-4e85e454e8cc,78c6e1c2-6f06-4cf7-8a82-54f62c0e9504,2,8,2025-09-22 12:27:57.199993+00
8c98434e-469f-4442-9c09-ec139cb5316c,7f04d06c-ca42-403e-8bc7-194f0a0c631a,6e5a68ef-c26c-4776-8f8c-7f3c22bc3f06,1,9,2025-12-01 00:26:08.076072+00
8cc8d2c3-2d70-4958-b3c0-04c55bd0d35d,3fbb2bf0-cef3-48b2-9d04-ecba8bd4165b,6e5a68ef-c26c-4776-8f8c-7f3c22bc3f06,1,5,2025-09-30 00:21:43.959007+00
8cd6307e-ab45-4fc6-8831-d246d6b0ae70,28da2862-f00a-44dd-8ab5-a48849d53245,46a30c5e-11ff-4c44-aa31-29a606850f82,1,6,2025-11-04 02:39:26.20676+00
8d3727ca-1d83-49de-a310-84de03f5228a,d8d2e264-f062-4c84-bc77-cf67da4c3bf5,c4d0c372-0a8c-445d-9994-fe871e8eb544,0,3,2025-09-01 12:27:12.189666+00
8d4f049b-2dbb-498b-b649-f6bb45f70435,d8d2e264-f062-4c84-bc77-cf67da4c3bf5,95f43b8d-de0d-4dd2-a9bb-0cdfe02e247a,1,6,2025-09-01 12:27:12.189666+00
8d9b2d8d-8a5a-4d00-9a56-ca6cb1c50f59,6321df99-8fc5-4465-a345-4e85e454e8cc,49f48e02-6af0-4107-8f27-29f67efc4c3a,1,9,2025-09-22 12:27:57.199993+00
8da150d1-217a-4d02-af13-eb402f2ce1d5,7be0759a-59c6-4da1-be13-e876a9051907,3d18f1c8-de23-4c6d-b843-8241da5d994e,0,4,2025-10-21 00:14:04.11767+00
8ddd9afa-0f36-495e-a4ff-92ec0c91e74d,37bc4415-6386-4c1c-9a8b-453802fa72e1,95f43b8d-de0d-4dd2-a9bb-0cdfe02e247a,0,5,2025-12-29 01:10:50.647344+00
8de9bc67-9dd4-4dcb-83b7-7bfdc3ad7bfb,7be0759a-59c6-4da1-be13-e876a9051907,b782ca87-97a5-4e94-96b3-fda9d7a93d5d,1,8,2025-10-21 00:14:04.11767+00
8e3675e1-493a-48ea-b151-ea0a2c6b847d,00c76044-16a0-4acf-a0a5-8de00e9cbc06,eff7bddc-a865-47c4-95fb-fe4116d8c288,1,8,2025-12-16 01:50:33.561015+00
8e417fc0-9960-4d6f-a98e-10d418c2a392,435af285-efb9-47f0-a3b5-aa47b7b78b56,c4d0c372-0a8c-445d-9994-fe871e8eb544,2,11,2025-11-25 02:24:54.186745+00
8e66c492-19ca-4af7-a409-4ba3d134abd2,634bef0a-8a4f-4bb4-a7cc-79a5ec61e5cb,8ed10184-c01b-4913-be71-bf7b48b8163a,1,5,2025-12-23 02:13:34.5906+00
8fc9846a-7cf2-421a-aef1-49fcda94cdae,7d6130ac-980a-4352-8ec0-29a06643525e,f9410110-ec63-4a83-ad54-2b5df48b9140,0,3,2026-01-12 01:11:49.843879+00
901763a6-535f-4ced-b277-fda24b6e6c6e,28da2862-f00a-44dd-8ab5-a48849d53245,9a205562-9e06-49d8-865b-a0dfb3de0b20,1,8,2025-11-04 02:39:26.20676+00
9064c66e-1c53-4b46-bcba-d0e302f3149a,d8d2e264-f062-4c84-bc77-cf67da4c3bf5,f3b179ce-265d-4bf0-8c6c-a641504ea802,1,7,2025-09-01 12:27:12.189666+00
90665c86-0894-4028-8565-3e601c7349df,7be0759a-59c6-4da1-be13-e876a9051907,e2ffaf02-f17f-4be3-b3ee-651d39315af1,0,4,2025-10-21 00:14:04.11767+00
90a78f89-d590-42ae-b457-afc4113ca81b,e1083685-268d-4376-bbc8-14fe74194d46,49f48e02-6af0-4107-8f27-29f67efc4c3a,0,7,2025-08-18 23:21:21.195482+00
90c9e998-1d1f-4d5d-82c8-cf42fad14f28,28da2862-f00a-44dd-8ab5-a48849d53245,e04c559e-ca37-400e-b70d-64cc03eb3361,0,5,2025-11-04 02:39:26.20676+00
90d3c8c0-ea91-4af3-8e95-5b7357f9a789,28da2862-f00a-44dd-8ab5-a48849d53245,abe5e91c-2516-47f8-98a7-2b1e70ab13b1,2,12,2025-11-04 02:39:26.20676+00
919dcb14-645c-4d34-8feb-fc30631d5fdc,b8e9c830-4504-4e15-9aba-2cf1e3b2de9d,c4d0c372-0a8c-445d-9994-fe871e8eb544,3,12,2026-01-05 01:20:32.782065+00
9203703b-265e-4bb6-9537-b69c85d28413,3fbb2bf0-cef3-48b2-9d04-ecba8bd4165b,e28417e9-f154-4f39-bf0d-86cb6a1abc32,1,7,2025-09-30 00:21:43.959007+00
92242cd5-38f4-4599-a6d3-ad1cd55ceedb,e1083685-268d-4376-bbc8-14fe74194d46,b782ca87-97a5-4e94-96b3-fda9d7a93d5d,1,5,2025-08-18 23:21:21.195482+00
9254e88a-f625-431c-b789-70ceda143025,284571ab-f355-476f-841c-8d84cf3fc188,25472e3e-4928-440c-84a8-ed85a6e4cf34,0,6,2025-09-15 00:20:33.877931+00
9307c36b-dc06-4e3e-80d6-2e6fbc7bb633,28da2862-f00a-44dd-8ab5-a48849d53245,25472e3e-4928-440c-84a8-ed85a6e4cf34,1,7,2025-11-04 02:39:26.20676+00
9363a5b5-eb09-4188-a5e8-db81143c8727,634bef0a-8a4f-4bb4-a7cc-79a5ec61e5cb,95f43b8d-de0d-4dd2-a9bb-0cdfe02e247a,2,11,2025-12-23 02:13:34.5906+00
945fcc29-a1ae-4cad-9a22-48e85e6b8e5d,e1083685-268d-4376-bbc8-14fe74194d46,298651b6-b5d4-4875-a636-799edae79a84,2,9,2025-08-18 23:21:21.195482+00
94ac018e-45f9-450e-b9b3-5c1a52aaa375,3715512f-bc25-48aa-a319-f9b2ffc2fb15,7151cae2-f54e-4f88-9e6a-8ab7fe755160,1,7,2025-10-27 01:59:34.334362+00
9524f6eb-1474-47d1-aff1-6ff8d7e6b205,00c76044-16a0-4acf-a0a5-8de00e9cbc06,ceb258ce-454a-4b5f-9321-73fd28390495,0,7,2025-12-16 01:50:33.561015+00
9549f55c-1678-49e5-8ed1-c0a9de0ec4e4,39344544-7804-4c1d-a17b-a1aff7a7f869,584d969b-f2c5-4e89-a226-9d5d47bebe23,1,8,2025-11-10 03:54:43.745207+00
959fac45-56d3-4a2f-8492-c2a07f5f95ef,7f04d06c-ca42-403e-8bc7-194f0a0c631a,49f48e02-6af0-4107-8f27-29f67efc4c3a,0,4,2025-12-01 00:26:08.076072+00
9652c5d3-69ef-4520-a8a6-b761cf563bef,3fbb2bf0-cef3-48b2-9d04-ecba8bd4165b,8ed10184-c01b-4913-be71-bf7b48b8163a,0,3,2025-09-30 00:21:43.959007+00
968c1ff5-cdf4-4b0a-bfbc-200178ef6879,d8d2e264-f062-4c84-bc77-cf67da4c3bf5,a98cac4a-9401-4a97-b8e6-93a7caee47e9,0,3,2025-09-01 12:27:12.189666+00
97d69722-0415-4b7e-b94f-89de9137cccd,37bc4415-6386-4c1c-9a8b-453802fa72e1,298651b6-b5d4-4875-a636-799edae79a84,1,4,2025-12-29 01:10:50.647344+00
984596a1-8e52-4c74-8a70-fa2df15b458b,00c76044-16a0-4acf-a0a5-8de00e9cbc06,c2011527-da58-4568-97f9-ec5c223ead8e,1,8,2025-12-16 01:50:33.561015+00
9899a41e-9cee-48e6-b76b-d73ffd4c0563,3fbb2bf0-cef3-48b2-9d04-ecba8bd4165b,abe5e91c-2516-47f8-98a7-2b1e70ab13b1,1,6,2025-09-30 00:21:43.959007+00
98bcc3d3-68ba-4b8d-985a-cf222e5d876d,d77ab4fc-0b5e-46dc-8403-2c02eb802dd6,182f8371-048a-4f6e-b95d-149f368c3c44,3,12,2025-10-05 23:57:44.019951+00
99227eb1-279f-4424-a7bb-869b6fbe439c,3715512f-bc25-48aa-a319-f9b2ffc2fb15,298651b6-b5d4-4875-a636-799edae79a84,0,0,2025-10-27 01:59:34.334362+00
9928f96c-86b4-4c02-9cfa-b9d3b97464c4,284571ab-f355-476f-841c-8d84cf3fc188,e28417e9-f154-4f39-bf0d-86cb6a1abc32,0,5,2025-09-15 00:20:33.877931+00
998ead53-cbf1-41fb-bc18-0a23171b111e,435af285-efb9-47f0-a3b5-aa47b7b78b56,3d18f1c8-de23-4c6d-b843-8241da5d994e,4,14,2025-11-25 02:24:54.186745+00
99c29476-d5f7-4a9c-aa6d-b68749db160b,28c25bca-56fb-487b-b335-f02e00863c6b,c4d0c372-0a8c-445d-9994-fe871e8eb544,0,3,2025-08-26 00:30:53.12888+00
9a206e80-1a90-44d4-944d-f34cbcf9fcdb,7f04d06c-ca42-403e-8bc7-194f0a0c631a,7151cae2-f54e-4f88-9e6a-8ab7fe755160,0,3,2025-12-01 00:26:08.076072+00
9a344a8a-2e1a-43ca-9f6b-f7342a1735c8,37bc4415-6386-4c1c-9a8b-453802fa72e1,78c6e1c2-6f06-4cf7-8a82-54f62c0e9504,0,5,2025-12-29 01:10:50.647344+00
9a42b3c6-6097-44e5-b49d-3d9fb8d47dc5,39344544-7804-4c1d-a17b-a1aff7a7f869,b782ca87-97a5-4e94-96b3-fda9d7a93d5d,1,9,2025-11-10 03:54:43.745207+00
9a971929-f4ab-4871-959b-8b4d20566952,435af285-efb9-47f0-a3b5-aa47b7b78b56,e2ffaf02-f17f-4be3-b3ee-651d39315af1,2,11,2025-11-25 02:24:54.186745+00
9b9c09b1-a46a-4cd4-9971-273388f294ba,284571ab-f355-476f-841c-8d84cf3fc188,ceb258ce-454a-4b5f-9321-73fd28390495,0,6,2025-09-15 00:20:33.877931+00
9c784bd3-e50c-41cf-981c-94a3d948d1d3,b8e9c830-4504-4e15-9aba-2cf1e3b2de9d,71913bf1-3c89-4850-a771-b807bac56136,0,6,2026-01-05 01:20:32.782065+00
9c9d8186-3c70-46fc-9ce2-fca11465ba10,b8e9c830-4504-4e15-9aba-2cf1e3b2de9d,e28417e9-f154-4f39-bf0d-86cb6a1abc32,0,4,2026-01-05 01:20:32.782065+00
9cf9e560-3d2b-4997-8522-0cc079229290,d77ab4fc-0b5e-46dc-8403-2c02eb802dd6,6bf245f8-9743-4b7b-ab78-dc0cdd591c6c,1,7,2025-10-05 23:57:44.019951+00
9dc168d8-c731-4e05-9716-6ef5d69d7959,e1083685-268d-4376-bbc8-14fe74194d46,f3b179ce-265d-4bf0-8c6c-a641504ea802,1,7,2025-08-18 23:21:21.195482+00
9e05705a-b70b-4396-a1ca-263e31c0e7ea,d77ab4fc-0b5e-46dc-8403-2c02eb802dd6,9a205562-9e06-49d8-865b-a0dfb3de0b20,1,9,2025-10-05 23:57:44.019951+00
9e35f0db-0fad-4289-8c4f-0d74a1528363,28c25bca-56fb-487b-b335-f02e00863c6b,e04c559e-ca37-400e-b70d-64cc03eb3361,0,5,2025-08-26 00:30:53.12888+00
9e3a8e52-b43c-493a-b3f8-5b066b1f0740,6321df99-8fc5-4465-a345-4e85e454e8cc,b782ca87-97a5-4e94-96b3-fda9d7a93d5d,0,3,2025-09-22 12:27:57.199993+00
9ec8b070-c95c-4001-ae2f-84ed41ef464e,28c25bca-56fb-487b-b335-f02e00863c6b,9a205562-9e06-49d8-865b-a0dfb3de0b20,0,5,2025-08-26 00:30:53.12888+00
9ef3b1c4-cb67-4331-bed5-c99f60d6b583,00c76044-16a0-4acf-a0a5-8de00e9cbc06,584d969b-f2c5-4e89-a226-9d5d47bebe23,0,5,2025-12-16 01:50:33.561015+00
9efd57c3-0bbb-4036-a3fe-ee1f92920764,d77ab4fc-0b5e-46dc-8403-2c02eb802dd6,f3b179ce-265d-4bf0-8c6c-a641504ea802,1,7,2025-10-05 23:57:44.019951+00
a084843c-1634-4790-9885-d338daefb981,28c25bca-56fb-487b-b335-f02e00863c6b,95f43b8d-de0d-4dd2-a9bb-0cdfe02e247a,2,11,2025-08-26 00:30:53.12888+00
a1380e7c-67ce-4d39-9a60-15f6fc5a0215,e1083685-268d-4376-bbc8-14fe74194d46,f9aa08c8-da66-4064-a39a-3225dadaa1d0,0,5,2025-08-18 23:21:21.195482+00
a16c3450-9429-4467-babd-baee42b8eb11,e1083685-268d-4376-bbc8-14fe74194d46,6e5a68ef-c26c-4776-8f8c-7f3c22bc3f06,1,10,2025-08-18 23:21:21.195482+00
a1e61a3d-80d9-43c0-a035-ab7de04c86fe,00c76044-16a0-4acf-a0a5-8de00e9cbc06,6e5a68ef-c26c-4776-8f8c-7f3c22bc3f06,0,6,2025-12-16 01:50:33.561015+00
a23bbed7-43a1-4810-b16d-5fd62b219bb9,7d6130ac-980a-4352-8ec0-29a06643525e,46a30c5e-11ff-4c44-aa31-29a606850f82,2,10,2026-01-12 01:11:49.843879+00
a26525fb-a101-4231-9be3-cdfaa8de4c57,7f04d06c-ca42-403e-8bc7-194f0a0c631a,95f43b8d-de0d-4dd2-a9bb-0cdfe02e247a,1,6,2025-12-01 00:26:08.076072+00
a292fb91-4c69-49c8-933f-5fb9253225db,00c76044-16a0-4acf-a0a5-8de00e9cbc06,182f8371-048a-4f6e-b95d-149f368c3c44,0,5,2025-12-16 01:50:33.561015+00
a350b792-634a-4382-b614-63473bf70a95,7be0759a-59c6-4da1-be13-e876a9051907,9a205562-9e06-49d8-865b-a0dfb3de0b20,0,5,2025-10-21 00:14:04.11767+00
a41c61bf-bde0-42e4-94a9-3561af5dbc4f,d77ab4fc-0b5e-46dc-8403-2c02eb802dd6,95f43b8d-de0d-4dd2-a9bb-0cdfe02e247a,1,9,2025-10-05 23:57:44.019951+00
a421893c-424d-482b-b25a-f56d3df03470,37bc4415-6386-4c1c-9a8b-453802fa72e1,e04c559e-ca37-400e-b70d-64cc03eb3361,0,4,2025-12-29 01:10:50.647344+00
a42aaadc-bed6-4681-a8ec-c5d6d76a966b,28da2862-f00a-44dd-8ab5-a48849d53245,eb3628cb-9a74-4281-bc9f-ebff66ae268e,2,8,2025-11-04 02:39:26.20676+00
a4e01268-89f6-4656-a8f8-ddebb429553d,284571ab-f355-476f-841c-8d84cf3fc188,f9410110-ec63-4a83-ad54-2b5df48b9140,0,5,2025-09-15 00:20:33.877931+00
a5dc9328-b7c6-4751-9326-55f03d06da41,3715512f-bc25-48aa-a319-f9b2ffc2fb15,66022633-1ced-4920-a431-b74b54e98345,0,5,2025-10-27 01:59:34.334362+00
a7044fed-9589-42be-96f6-9021c9675a6e,e1083685-268d-4376-bbc8-14fe74194d46,c2011527-da58-4568-97f9-ec5c223ead8e,0,5,2025-08-18 23:21:21.195482+00
a73b8770-8bd8-43a6-8d41-fcf25218a6c5,28c25bca-56fb-487b-b335-f02e00863c6b,4f4c26c5-21c6-4a45-b9ab-141ea2936063,1,5,2025-08-26 00:30:53.12888+00
a7af2726-3a35-459d-9d7e-fdb1c1f7aea4,e1083685-268d-4376-bbc8-14fe74194d46,46a30c5e-11ff-4c44-aa31-29a606850f82,1,9,2025-08-18 23:21:21.195482+00
a827c038-5102-41c1-8c99-85006b52db72,435af285-efb9-47f0-a3b5-aa47b7b78b56,66022633-1ced-4920-a431-b74b54e98345,2,7,2025-11-25 02:24:54.186745+00
a8d032f0-fe38-48fd-84e3-bc8b4327d714,d7a991ce-94f4-44a6-9e3a-bda9babd7e11,f3b179ce-265d-4bf0-8c6c-a641504ea802,1,7,2025-12-09 02:15:48.500643+00
a95d8d8c-87e5-4af5-9ffb-9d793d64b422,b8e9c830-4504-4e15-9aba-2cf1e3b2de9d,8ed10184-c01b-4913-be71-bf7b48b8163a,0,4,2026-01-05 01:20:32.782065+00
a9bf10a0-a690-4843-bd09-f14023ed8825,d77ab4fc-0b5e-46dc-8403-2c02eb802dd6,c4d0c372-0a8c-445d-9994-fe871e8eb544,0,6,2025-10-05 23:57:44.019951+00
ab367819-886a-4712-a5dc-23907a6cb9a0,435af285-efb9-47f0-a3b5-aa47b7b78b56,95f43b8d-de0d-4dd2-a9bb-0cdfe02e247a,0,5,2025-11-25 02:24:54.186745+00
ab6438e5-df09-4442-b536-506fbc8859c2,39344544-7804-4c1d-a17b-a1aff7a7f869,c4d0c372-0a8c-445d-9994-fe871e8eb544,1,4,2025-11-10 03:54:43.745207+00
ac326601-0093-4278-9756-25b94763489e,e1083685-268d-4376-bbc8-14fe74194d46,7151cae2-f54e-4f88-9e6a-8ab7fe755160,0,7,2025-08-18 23:21:21.195482+00
ac32e88c-e7c5-42c1-9fcd-f297c414a26a,d8d2e264-f062-4c84-bc77-cf67da4c3bf5,584d969b-f2c5-4e89-a226-9d5d47bebe23,1,4,2025-09-01 12:27:12.189666+00
ace7ba24-80d5-4447-8ae8-895e997e421f,7d6130ac-980a-4352-8ec0-29a06643525e,6bf245f8-9743-4b7b-ab78-dc0cdd591c6c,1,6,2026-01-12 01:11:49.843879+00
ad8e150f-337f-43d3-9aaf-b1066b2ed646,d8d2e264-f062-4c84-bc77-cf67da4c3bf5,e28417e9-f154-4f39-bf0d-86cb6a1abc32,0,3,2025-09-01 12:27:12.189666+00
aec4700d-ce04-4416-85cb-0ddf8021c5a8,37bc4415-6386-4c1c-9a8b-453802fa72e1,8ed10184-c01b-4913-be71-bf7b48b8163a,2,11,2025-12-29 01:10:50.647344+00
aef172e1-c169-4769-89ed-f1f2d5bd0348,6321df99-8fc5-4465-a345-4e85e454e8cc,6a57188f-50ad-4d66-88e5-64236a293c32,1,8,2025-09-22 12:27:57.199993+00
af5464a6-8a27-4f30-b602-89815c883b21,39344544-7804-4c1d-a17b-a1aff7a7f869,e2ffaf02-f17f-4be3-b3ee-651d39315af1,0,5,2025-11-10 03:54:43.745207+00
af5d02fb-d6a1-4fa5-9313-5f494ba0b1f7,d8d2e264-f062-4c84-bc77-cf67da4c3bf5,c8b7ea0d-f644-44ff-b89b-a0e352ff3cec,0,3,2025-09-01 12:27:12.189666+00
afe01ce9-899d-46e3-867b-2a8dd39b4031,28c25bca-56fb-487b-b335-f02e00863c6b,e2ffaf02-f17f-4be3-b3ee-651d39315af1,0,3,2025-08-26 00:30:53.12888+00
b002893d-f48b-4595-828e-ede909c7e113,d77ab4fc-0b5e-46dc-8403-2c02eb802dd6,e2ffaf02-f17f-4be3-b3ee-651d39315af1,1,8,2025-10-05 23:57:44.019951+00
b011b391-bfa4-4676-b701-274968661bfe,00c76044-16a0-4acf-a0a5-8de00e9cbc06,66022633-1ced-4920-a431-b74b54e98345,0,4,2025-12-16 01:50:33.561015+00
b0a8446b-a37c-478a-a314-9a86e4b4091e,b8e9c830-4504-4e15-9aba-2cf1e3b2de9d,eb3628cb-9a74-4281-bc9f-ebff66ae268e,0,4,2026-01-05 01:20:32.782065+00
b0c38e25-4ab2-4517-ac1a-63e772eb2015,634bef0a-8a4f-4bb4-a7cc-79a5ec61e5cb,7151cae2-f54e-4f88-9e6a-8ab7fe755160,1,6,2025-12-23 02:13:34.5906+00
b0f0ff1c-07c6-4bd4-aa46-ca3002ca70af,28c25bca-56fb-487b-b335-f02e00863c6b,eb3628cb-9a74-4281-bc9f-ebff66ae268e,2,10,2025-08-26 00:30:53.12888+00
b10a7b1a-70b1-431a-a2d4-83a50a8e75ad,d8d2e264-f062-4c84-bc77-cf67da4c3bf5,182f8371-048a-4f6e-b95d-149f368c3c44,0,3,2025-09-01 12:27:12.189666+00
b1f10e70-ee0c-42fe-a131-ddebe89ed861,37bc4415-6386-4c1c-9a8b-453802fa72e1,e28417e9-f154-4f39-bf0d-86cb6a1abc32,0,6,2025-12-29 01:10:50.647344+00
b2151489-2dfd-4fa4-b983-f413514ce053,00c76044-16a0-4acf-a0a5-8de00e9cbc06,8ed10184-c01b-4913-be71-bf7b48b8163a,0,2,2025-12-16 01:50:33.561015+00
b21ce90f-758d-4960-b7ea-01a073cc87fb,7be0759a-59c6-4da1-be13-e876a9051907,95f43b8d-de0d-4dd2-a9bb-0cdfe02e247a,0,4,2025-10-21 00:14:04.11767+00
b223a4fd-baa6-4c59-a0bb-9caeadff945c,7d6130ac-980a-4352-8ec0-29a06643525e,71913bf1-3c89-4850-a771-b807bac56136,1,6,2026-01-12 01:11:49.843879+00
b268fd3b-7b21-4230-93d8-efb5b32d19c4,28c25bca-56fb-487b-b335-f02e00863c6b,8ed10184-c01b-4913-be71-bf7b48b8163a,1,6,2025-08-26 00:30:53.12888+00
b30514ac-e4ed-47c6-97f2-d53a320b013f,37bc4415-6386-4c1c-9a8b-453802fa72e1,f3b179ce-265d-4bf0-8c6c-a641504ea802,1,7,2025-12-29 01:10:50.647344+00
b35ce19b-2fb8-47da-b74b-7ba177039f5b,37bc4415-6386-4c1c-9a8b-453802fa72e1,6bf245f8-9743-4b7b-ab78-dc0cdd591c6c,2,9,2025-12-29 01:10:50.647344+00
b4c21339-ebc7-447b-a0dc-4c1b45bf0608,435af285-efb9-47f0-a3b5-aa47b7b78b56,4f4c26c5-21c6-4a45-b9ab-141ea2936063,0,1,2025-11-25 02:24:54.186745+00
b58262e0-4ff3-4acb-a2b6-64ae9db42175,3fbb2bf0-cef3-48b2-9d04-ecba8bd4165b,c2011527-da58-4568-97f9-ec5c223ead8e,1,5,2025-09-30 00:21:43.959007+00
b5904584-8407-46c6-add7-673150a53124,7f04d06c-ca42-403e-8bc7-194f0a0c631a,c8b7ea0d-f644-44ff-b89b-a0e352ff3cec,0,5,2025-12-01 00:26:08.076072+00
b5ad9087-a63b-40ea-b6f3-d98ef1215830,28c25bca-56fb-487b-b335-f02e00863c6b,e28417e9-f154-4f39-bf0d-86cb6a1abc32,0,3,2025-08-26 00:30:53.12888+00
b5ae6f2d-5e9c-47f7-93e5-f9061e64d0f1,39344544-7804-4c1d-a17b-a1aff7a7f869,6a57188f-50ad-4d66-88e5-64236a293c32,1,5,2025-11-10 03:54:43.745207+00
b684387f-b8d7-4464-b778-d717293fdca0,634bef0a-8a4f-4bb4-a7cc-79a5ec61e5cb,3d18f1c8-de23-4c6d-b843-8241da5d994e,2,10,2025-12-23 02:13:34.5906+00
b6ab4258-6c3d-48d8-a1d7-b06cf9ac69a6,7d6130ac-980a-4352-8ec0-29a06643525e,b782ca87-97a5-4e94-96b3-fda9d7a93d5d,2,9,2026-01-12 01:11:49.843879+00
b75282e3-7d13-42e4-a763-9d768781d39c,00c76044-16a0-4acf-a0a5-8de00e9cbc06,a98cac4a-9401-4a97-b8e6-93a7caee47e9,1,9,2025-12-16 01:50:33.561015+00
b7afc7a5-6ab6-4239-a712-55d9bd5496b7,435af285-efb9-47f0-a3b5-aa47b7b78b56,71913bf1-3c89-4850-a771-b807bac56136,5,18,2025-11-25 02:24:54.186745+00
b840a47d-89d4-4371-abcd-2705214b1986,37bc4415-6386-4c1c-9a8b-453802fa72e1,eff7bddc-a865-47c4-95fb-fe4116d8c288,1,7,2025-12-29 01:10:50.647344+00
b8c1de25-bfa6-485b-b0ab-cec8962477ce,6321df99-8fc5-4465-a345-4e85e454e8cc,8ed10184-c01b-4913-be71-bf7b48b8163a,0,4,2025-09-22 12:27:57.199993+00
b8d15727-2a6f-4a55-8227-42d49e6ea5f1,3fbb2bf0-cef3-48b2-9d04-ecba8bd4165b,9a205562-9e06-49d8-865b-a0dfb3de0b20,0,2,2025-09-30 00:21:43.959007+00
b8f9ab51-87fb-413e-9676-e347ae9939f7,435af285-efb9-47f0-a3b5-aa47b7b78b56,584d969b-f2c5-4e89-a226-9d5d47bebe23,1,6,2025-11-25 02:24:54.186745+00
b9ee96a9-09ed-440b-86e9-407c1ecb9cbe,e1083685-268d-4376-bbc8-14fe74194d46,95f43b8d-de0d-4dd2-a9bb-0cdfe02e247a,1,7,2025-08-18 23:21:21.195482+00
ba5f6793-0255-4ec7-8c5a-e257a0114214,e1083685-268d-4376-bbc8-14fe74194d46,71913bf1-3c89-4850-a771-b807bac56136,0,4,2025-08-18 23:21:21.195482+00
bb7342c6-dc86-4c4a-8d5b-adf65b2d1ed8,28da2862-f00a-44dd-8ab5-a48849d53245,e28417e9-f154-4f39-bf0d-86cb6a1abc32,1,10,2025-11-04 02:39:26.20676+00
bbf8ab00-33c0-4a4c-96f7-7e6df50fc263,7be0759a-59c6-4da1-be13-e876a9051907,584d969b-f2c5-4e89-a226-9d5d47bebe23,0,6,2025-10-21 00:14:04.11767+00
bc428187-0374-4e1c-b1b6-ce83b7466a9f,28da2862-f00a-44dd-8ab5-a48849d53245,c8b7ea0d-f644-44ff-b89b-a0e352ff3cec,2,11,2025-11-04 02:39:26.20676+00
bc75c4a1-e7b5-431a-aa1c-64f430fff299,e1083685-268d-4376-bbc8-14fe74194d46,857f0ddb-bbf7-490f-89e7-c393913d1937,2,14,2025-08-18 23:21:21.195482+00
bd434a46-781b-4c3a-892b-765663bb7ce5,39344544-7804-4c1d-a17b-a1aff7a7f869,f3b179ce-265d-4bf0-8c6c-a641504ea802,1,6,2025-11-10 03:54:43.745207+00
bde9f5df-7c47-418d-9dfd-c26cc13edddc,37bc4415-6386-4c1c-9a8b-453802fa72e1,25472e3e-4928-440c-84a8-ed85a6e4cf34,1,4,2025-12-29 01:10:50.647344+00
be353d84-eaa7-4b42-b171-e27d77bcb795,d8d2e264-f062-4c84-bc77-cf67da4c3bf5,298651b6-b5d4-4875-a636-799edae79a84,1,3,2025-09-01 12:27:12.189666+00
be40e0f1-b7b0-4271-bb9d-e48bde9766fc,28da2862-f00a-44dd-8ab5-a48849d53245,298651b6-b5d4-4875-a636-799edae79a84,0,4,2025-11-04 02:39:26.20676+00
bea7478d-21f6-46c8-8a1d-05d9908c2d38,435af285-efb9-47f0-a3b5-aa47b7b78b56,298651b6-b5d4-4875-a636-799edae79a84,0,1,2025-11-25 02:24:54.186745+00
bf2eef55-90ce-4e67-9a13-1a3fe6051b42,00c76044-16a0-4acf-a0a5-8de00e9cbc06,71913bf1-3c89-4850-a771-b807bac56136,1,8,2025-12-16 01:50:33.561015+00
bfc11df0-7532-4388-886b-98796c895e56,e1083685-268d-4376-bbc8-14fe74194d46,30bc182e-979b-4f58-b596-67c45a4d2faf,2,7,2025-08-18 23:21:21.195482+00
c0337e91-6f6e-48af-8234-613f4cfe3974,d8d2e264-f062-4c84-bc77-cf67da4c3bf5,66022633-1ced-4920-a431-b74b54e98345,0,3,2025-09-01 12:27:12.189666+00
c0520eb8-0528-4830-b3e5-91b159099426,3715512f-bc25-48aa-a319-f9b2ffc2fb15,a98cac4a-9401-4a97-b8e6-93a7caee47e9,2,9,2025-10-27 01:59:34.334362+00
c0b4ac65-3688-411f-a68a-496babd0aea3,d7a991ce-94f4-44a6-9e3a-bda9babd7e11,6bf245f8-9743-4b7b-ab78-dc0cdd591c6c,0,6,2025-12-09 02:15:48.500643+00
c0bdaf27-39eb-4e14-b48c-4ca85d8b53c5,d77ab4fc-0b5e-46dc-8403-2c02eb802dd6,78c6e1c2-6f06-4cf7-8a82-54f62c0e9504,1,8,2025-10-05 23:57:44.019951+00
c1c4e89c-cd40-4ab1-b068-d23780ec36a7,d7a991ce-94f4-44a6-9e3a-bda9babd7e11,8ed10184-c01b-4913-be71-bf7b48b8163a,1,6,2025-12-09 02:15:48.500643+00
c1efec28-143f-4796-abbc-ab490a74ad21,28da2862-f00a-44dd-8ab5-a48849d53245,f9410110-ec63-4a83-ad54-2b5df48b9140,1,10,2025-11-04 02:39:26.20676+00
c236928c-de66-46c7-b203-3dbd3afa733a,37bc4415-6386-4c1c-9a8b-453802fa72e1,7151cae2-f54e-4f88-9e6a-8ab7fe755160,1,14,2025-12-29 01:10:50.647344+00
c27cbecf-393a-46bb-b776-173fa15f4542,7d6130ac-980a-4352-8ec0-29a06643525e,66022633-1ced-4920-a431-b74b54e98345,2,9,2026-01-12 01:11:49.843879+00
c3370ed6-1304-4074-8016-11e854349a33,d8d2e264-f062-4c84-bc77-cf67da4c3bf5,78c6e1c2-6f06-4cf7-8a82-54f62c0e9504,0,3,2025-09-01 12:27:12.189666+00
c525872b-097f-4cd3-bf49-f52511ad9e39,d77ab4fc-0b5e-46dc-8403-2c02eb802dd6,7151cae2-f54e-4f88-9e6a-8ab7fe755160,3,15,2025-10-05 23:57:44.019951+00
c5419c3d-7a08-48a2-ba9c-4dfea0d18de4,d8d2e264-f062-4c84-bc77-cf67da4c3bf5,b782ca87-97a5-4e94-96b3-fda9d7a93d5d,1,6,2025-09-01 12:27:12.189666+00
c5d9cdb0-f067-4f18-b8b7-73edce146245,6321df99-8fc5-4465-a345-4e85e454e8cc,46a30c5e-11ff-4c44-aa31-29a606850f82,1,5,2025-09-22 12:27:57.199993+00
c621a5d3-01f3-4526-8210-0396c46cea78,6321df99-8fc5-4465-a345-4e85e454e8cc,abe5e91c-2516-47f8-98a7-2b1e70ab13b1,2,8,2025-09-22 12:27:57.199993+00
c6857056-adcf-4c40-b1cd-0de92c27060e,3fbb2bf0-cef3-48b2-9d04-ecba8bd4165b,298651b6-b5d4-4875-a636-799edae79a84,1,4,2025-09-30 00:21:43.959007+00
c70c51e6-5ce7-4384-8158-23401e72f7cf,7f04d06c-ca42-403e-8bc7-194f0a0c631a,e04c559e-ca37-400e-b70d-64cc03eb3361,0,6,2025-12-01 00:26:08.076072+00
c73cd458-fac6-4abe-91f9-81ea2e640a8e,39344544-7804-4c1d-a17b-a1aff7a7f869,a98cac4a-9401-4a97-b8e6-93a7caee47e9,1,10,2025-11-10 03:54:43.745207+00
c8300e25-54b1-4d14-80e5-2665d85c2ac4,7f04d06c-ca42-403e-8bc7-194f0a0c631a,857f0ddb-bbf7-490f-89e7-c393913d1937,1,7,2025-12-01 00:26:08.076072+00
c8d59fd2-81a9-426d-b835-44b79eb4b991,37bc4415-6386-4c1c-9a8b-453802fa72e1,3d18f1c8-de23-4c6d-b843-8241da5d994e,2,8,2025-12-29 01:10:50.647344+00
c8db1d62-5d79-4319-a5ac-05892b9aade3,7d6130ac-980a-4352-8ec0-29a06643525e,ceb258ce-454a-4b5f-9321-73fd28390495,3,12,2026-01-12 01:11:49.843879+00
c94e7112-1752-4a0f-9cbe-d695fbc8ac96,d77ab4fc-0b5e-46dc-8403-2c02eb802dd6,eb3628cb-9a74-4281-bc9f-ebff66ae268e,0,1,2025-10-05 23:57:44.019951+00
c950f458-a839-4e1e-9bf5-1af89ba74287,3715512f-bc25-48aa-a319-f9b2ffc2fb15,6e5a68ef-c26c-4776-8f8c-7f3c22bc3f06,2,10,2025-10-27 01:59:34.334362+00
c95a898d-433a-4950-9ec6-1127df9c0c48,b8e9c830-4504-4e15-9aba-2cf1e3b2de9d,6bf245f8-9743-4b7b-ab78-dc0cdd591c6c,0,6,2026-01-05 01:20:32.782065+00
c9adeaab-40fc-4c9b-bd90-4e99b0c6dda6,7f04d06c-ca42-403e-8bc7-194f0a0c631a,3d18f1c8-de23-4c6d-b843-8241da5d994e,1,9,2025-12-01 00:26:08.076072+00
ca3009f5-7ccc-458f-bb19-b9465c3ed313,3fbb2bf0-cef3-48b2-9d04-ecba8bd4165b,49f48e02-6af0-4107-8f27-29f67efc4c3a,1,4,2025-09-30 00:21:43.959007+00
ca394840-522e-4611-a658-2fd80f9d81e6,37bc4415-6386-4c1c-9a8b-453802fa72e1,a98cac4a-9401-4a97-b8e6-93a7caee47e9,0,5,2025-12-29 01:10:50.647344+00
ca4a0186-b253-45e3-9450-c971ad6a83b9,7f04d06c-ca42-403e-8bc7-194f0a0c631a,46a30c5e-11ff-4c44-aa31-29a606850f82,1,6,2025-12-01 00:26:08.076072+00
ca7a23e1-0c95-4e15-8f43-691934434206,7f04d06c-ca42-403e-8bc7-194f0a0c631a,f3b179ce-265d-4bf0-8c6c-a641504ea802,0,5,2025-12-01 00:26:08.076072+00
cb089a4b-aaea-4410-8451-8f964eb4d8a7,e1083685-268d-4376-bbc8-14fe74194d46,66022633-1ced-4920-a431-b74b54e98345,0,7,2025-08-18 23:21:21.195482+00
cb669255-42e1-4749-bf39-4f88ffb98d9e,7f04d06c-ca42-403e-8bc7-194f0a0c631a,ceb258ce-454a-4b5f-9321-73fd28390495,0,4,2025-12-01 00:26:08.076072+00
cc2ec933-81c5-4c97-a041-53e2fca940f3,284571ab-f355-476f-841c-8d84cf3fc188,f3b179ce-265d-4bf0-8c6c-a641504ea802,1,6,2025-09-15 00:20:33.877931+00
cc4385b3-0534-4b8e-bc42-d972ef365b3d,3fbb2bf0-cef3-48b2-9d04-ecba8bd4165b,78c6e1c2-6f06-4cf7-8a82-54f62c0e9504,1,5,2025-09-30 00:21:43.959007+00
cc935322-f451-4f3d-982e-c70a17675478,435af285-efb9-47f0-a3b5-aa47b7b78b56,182f8371-048a-4f6e-b95d-149f368c3c44,1,6,2025-11-25 02:24:54.186745+00
cd41e542-38e0-4cc3-a2bf-a483e241cd41,3715512f-bc25-48aa-a319-f9b2ffc2fb15,182f8371-048a-4f6e-b95d-149f368c3c44,1,4,2025-10-27 01:59:34.334362+00
cd701625-336b-4fe0-8a62-d78f79a2b7e6,284571ab-f355-476f-841c-8d84cf3fc188,9a205562-9e06-49d8-865b-a0dfb3de0b20,0,5,2025-09-15 00:20:33.877931+00
ce09c682-f783-48f5-a2d7-354f3a87fd22,3715512f-bc25-48aa-a319-f9b2ffc2fb15,ceb258ce-454a-4b5f-9321-73fd28390495,1,6,2025-10-27 01:59:34.334362+00
ce1f25dc-a947-40c7-8830-19bdba0a5557,28c25bca-56fb-487b-b335-f02e00863c6b,584d969b-f2c5-4e89-a226-9d5d47bebe23,1,9,2025-08-26 00:30:53.12888+00
ce40b022-014a-413a-93c0-5423099296dc,7be0759a-59c6-4da1-be13-e876a9051907,4f4c26c5-21c6-4a45-b9ab-141ea2936063,1,7,2025-10-21 00:14:04.11767+00
ce798339-1488-4446-b1f9-034e0910fdf0,b8e9c830-4504-4e15-9aba-2cf1e3b2de9d,78c6e1c2-6f06-4cf7-8a82-54f62c0e9504,1,8,2026-01-05 01:20:32.782065+00
cea9486a-5ec6-4c1c-a449-a798ee41bc2c,7be0759a-59c6-4da1-be13-e876a9051907,f3b179ce-265d-4bf0-8c6c-a641504ea802,0,5,2025-10-21 00:14:04.11767+00
ceb57e83-4aa5-41c6-8c7e-981636ae13f1,00c76044-16a0-4acf-a0a5-8de00e9cbc06,b782ca87-97a5-4e94-96b3-fda9d7a93d5d,0,5,2025-12-16 01:50:33.561015+00
cebe41fe-5fb2-49f0-bcf5-a10f8874d2c9,7be0759a-59c6-4da1-be13-e876a9051907,49f48e02-6af0-4107-8f27-29f67efc4c3a,0,3,2025-10-21 00:14:04.11767+00
cf31358f-38ee-4501-ae06-8a45f5ca72da,3715512f-bc25-48aa-a319-f9b2ffc2fb15,abe5e91c-2516-47f8-98a7-2b1e70ab13b1,1,7,2025-10-27 01:59:34.334362+00
cf5fd7a8-9a80-4881-b5db-9639e97eb151,7d6130ac-980a-4352-8ec0-29a06643525e,7151cae2-f54e-4f88-9e6a-8ab7fe755160,0,5,2026-01-12 01:11:49.843879+00
cfac3636-4160-4983-9958-d28261f2dd65,d8d2e264-f062-4c84-bc77-cf67da4c3bf5,3d18f1c8-de23-4c6d-b843-8241da5d994e,0,3,2025-09-01 12:27:12.189666+00
cfd58f7f-5c1b-404a-a6ac-05dac2124fd3,7f04d06c-ca42-403e-8bc7-194f0a0c631a,8ed10184-c01b-4913-be71-bf7b48b8163a,0,1,2025-12-01 00:26:08.076072+00
cfd71ed5-e3e7-4251-bbca-a2d126678c54,28da2862-f00a-44dd-8ab5-a48849d53245,8ed10184-c01b-4913-be71-bf7b48b8163a,1,7,2025-11-04 02:39:26.20676+00
d0223e02-652c-48ef-ac13-43a6b1c2b2af,435af285-efb9-47f0-a3b5-aa47b7b78b56,e04c559e-ca37-400e-b70d-64cc03eb3361,2,9,2025-11-25 02:24:54.186745+00
d04268a3-5d9e-4319-9da6-72d44628f469,284571ab-f355-476f-841c-8d84cf3fc188,e2ffaf02-f17f-4be3-b3ee-651d39315af1,0,6,2025-09-15 00:20:33.877931+00
d159f89f-104a-45a8-8141-e1b358752d54,28c25bca-56fb-487b-b335-f02e00863c6b,f3b179ce-265d-4bf0-8c6c-a641504ea802,1,7,2025-08-26 00:30:53.12888+00
d176bae1-16a5-4350-ad63-e0ff9b7ba194,00c76044-16a0-4acf-a0a5-8de00e9cbc06,c8b7ea0d-f644-44ff-b89b-a0e352ff3cec,2,12,2025-12-16 01:50:33.561015+00
d263ae38-fc15-4c3c-9d2d-65803350dbb2,6321df99-8fc5-4465-a345-4e85e454e8cc,e04c559e-ca37-400e-b70d-64cc03eb3361,0,4,2025-09-22 12:27:57.199993+00
d26bf205-d8db-4ccb-86ae-17c8ba6ba33b,7d6130ac-980a-4352-8ec0-29a06643525e,e2ffaf02-f17f-4be3-b3ee-651d39315af1,1,6,2026-01-12 01:11:49.843879+00
d27dab99-97f9-4af7-ba2f-2afeb2f5bf06,3fbb2bf0-cef3-48b2-9d04-ecba8bd4165b,66022633-1ced-4920-a431-b74b54e98345,0,3,2025-09-30 00:21:43.959007+00
d2aa488a-df26-4074-9d9c-2db0580e0466,e1083685-268d-4376-bbc8-14fe74194d46,c8b7ea0d-f644-44ff-b89b-a0e352ff3cec,1,8,2025-08-18 23:21:21.195482+00
d2d4e956-81e4-4538-bef0-62bc9e04cd3a,d77ab4fc-0b5e-46dc-8403-2c02eb802dd6,49f48e02-6af0-4107-8f27-29f67efc4c3a,1,7,2025-10-05 23:57:44.019951+00
d354e220-623b-4cf6-8ecd-00883b132233,37bc4415-6386-4c1c-9a8b-453802fa72e1,ceb258ce-454a-4b5f-9321-73fd28390495,4,13,2025-12-29 01:10:50.647344+00
d401612e-40ec-46ef-9d75-7791bbef08f8,d7a991ce-94f4-44a6-9e3a-bda9babd7e11,3d18f1c8-de23-4c6d-b843-8241da5d994e,1,7,2025-12-09 02:15:48.500643+00
d40a099d-18f3-4b82-a685-5d2740ff0fe3,d8d2e264-f062-4c84-bc77-cf67da4c3bf5,4f4c26c5-21c6-4a45-b9ab-141ea2936063,1,4,2025-09-01 12:27:12.189666+00
d445717b-18b6-4ce8-bb33-a4569c01113a,d7a991ce-94f4-44a6-9e3a-bda9babd7e11,6e5a68ef-c26c-4776-8f8c-7f3c22bc3f06,1,8,2025-12-09 02:15:48.500643+00
d52ac5c1-3e48-49fb-8645-ed247e24aa34,b8e9c830-4504-4e15-9aba-2cf1e3b2de9d,6e5a68ef-c26c-4776-8f8c-7f3c22bc3f06,1,7,2026-01-05 01:20:32.782065+00
d5aba6c7-965c-405a-9754-096d4eea14be,284571ab-f355-476f-841c-8d84cf3fc188,a98cac4a-9401-4a97-b8e6-93a7caee47e9,1,9,2025-09-15 00:20:33.877931+00
d5dcf4d3-15d1-47b9-81b3-c5ed3fd2e23f,7d6130ac-980a-4352-8ec0-29a06643525e,c4d0c372-0a8c-445d-9994-fe871e8eb544,1,6,2026-01-12 01:11:49.843879+00
d5ddee9e-504d-43fc-aaea-def7e649af26,7f04d06c-ca42-403e-8bc7-194f0a0c631a,6a57188f-50ad-4d66-88e5-64236a293c32,0,4,2025-12-01 00:26:08.076072+00
d5df2864-727e-4ae1-96a4-a5ea42e7db89,d77ab4fc-0b5e-46dc-8403-2c02eb802dd6,46a30c5e-11ff-4c44-aa31-29a606850f82,0,2,2025-10-05 23:57:44.019951+00
d6063ba4-04f6-45b0-9924-97c099e6e12f,6321df99-8fc5-4465-a345-4e85e454e8cc,e28417e9-f154-4f39-bf0d-86cb6a1abc32,1,6,2025-09-22 12:27:57.199993+00
d69ef47f-5213-4e68-ad07-527c82075c4e,d7a991ce-94f4-44a6-9e3a-bda9babd7e11,78c6e1c2-6f06-4cf7-8a82-54f62c0e9504,1,5,2025-12-09 02:15:48.500643+00
d6fc2302-db19-4cef-ab93-0271c814accd,435af285-efb9-47f0-a3b5-aa47b7b78b56,46a30c5e-11ff-4c44-aa31-29a606850f82,2,9,2025-11-25 02:24:54.186745+00
d7088c09-2453-4f35-a733-97653025afc4,28da2862-f00a-44dd-8ab5-a48849d53245,c4d0c372-0a8c-445d-9994-fe871e8eb544,1,7,2025-11-04 02:39:26.20676+00
d734e3e7-a47c-4e43-bc56-86ad97067a8c,d8d2e264-f062-4c84-bc77-cf67da4c3bf5,6a57188f-50ad-4d66-88e5-64236a293c32,0,2,2025-09-01 12:27:12.189666+00
d7badfb1-2957-4928-a315-1c36b5ab709f,00c76044-16a0-4acf-a0a5-8de00e9cbc06,eb3628cb-9a74-4281-bc9f-ebff66ae268e,1,9,2025-12-16 01:50:33.561015+00
d7ed2d7a-099f-4fbb-9e43-37bb0edef5be,d7a991ce-94f4-44a6-9e3a-bda9babd7e11,7151cae2-f54e-4f88-9e6a-8ab7fe755160,0,5,2025-12-09 02:15:48.500643+00
d8f972b2-448a-4b6d-b10d-1d9f5e9895b4,00c76044-16a0-4acf-a0a5-8de00e9cbc06,c4d0c372-0a8c-445d-9994-fe871e8eb544,0,6,2025-12-16 01:50:33.561015+00
d8fa58dd-526a-4089-b21e-626419307348,d8d2e264-f062-4c84-bc77-cf67da4c3bf5,eff7bddc-a865-47c4-95fb-fe4116d8c288,2,9,2025-09-01 12:27:12.189666+00
d9371f7c-6b8e-43da-ba6e-a0af9197cdae,d7a991ce-94f4-44a6-9e3a-bda9babd7e11,eb3628cb-9a74-4281-bc9f-ebff66ae268e,0,4,2025-12-09 02:15:48.500643+00
d9b199f5-dd73-4b8f-bbf5-da0b911e8026,6321df99-8fc5-4465-a345-4e85e454e8cc,e2ffaf02-f17f-4be3-b3ee-651d39315af1,3,12,2025-09-22 12:27:57.199993+00
da9b23a6-39bb-454a-80d2-b6e0bafcb739,d77ab4fc-0b5e-46dc-8403-2c02eb802dd6,e28417e9-f154-4f39-bf0d-86cb6a1abc32,2,12,2025-10-05 23:57:44.019951+00
db9a9326-fd01-45b8-8fb9-88c191a2d407,39344544-7804-4c1d-a17b-a1aff7a7f869,6e5a68ef-c26c-4776-8f8c-7f3c22bc3f06,0,7,2025-11-10 03:54:43.745207+00
dc5b3622-6fe4-4928-92c0-777bc52be1a4,6321df99-8fc5-4465-a345-4e85e454e8cc,eb3628cb-9a74-4281-bc9f-ebff66ae268e,2,7,2025-09-22 12:27:57.199993+00
dd629f1a-42cc-4378-9966-3a390df2d5ef,3715512f-bc25-48aa-a319-f9b2ffc2fb15,78c6e1c2-6f06-4cf7-8a82-54f62c0e9504,1,8,2025-10-27 01:59:34.334362+00
dedac2da-0bd3-466f-8997-91dcad6a3558,435af285-efb9-47f0-a3b5-aa47b7b78b56,6e5a68ef-c26c-4776-8f8c-7f3c22bc3f06,2,9,2025-11-25 02:24:54.186745+00
deed3089-caee-4d69-90d0-879d3823ceb5,28da2862-f00a-44dd-8ab5-a48849d53245,eff7bddc-a865-47c4-95fb-fe4116d8c288,0,5,2025-11-04 02:39:26.20676+00
def6565e-0424-4ef8-ace7-83ba34d77d81,435af285-efb9-47f0-a3b5-aa47b7b78b56,abe5e91c-2516-47f8-98a7-2b1e70ab13b1,3,13,2025-11-25 02:24:54.186745+00
dfdf4640-941a-46b5-9fd5-0b7f76e194d0,3715512f-bc25-48aa-a319-f9b2ffc2fb15,f3b179ce-265d-4bf0-8c6c-a641504ea802,1,6,2025-10-27 01:59:34.334362+00
e082c301-fb87-4934-8c10-c74531e61032,435af285-efb9-47f0-a3b5-aa47b7b78b56,9a205562-9e06-49d8-865b-a0dfb3de0b20,0,4,2025-11-25 02:24:54.186745+00
e083152a-e36e-4092-9309-9181962ae223,435af285-efb9-47f0-a3b5-aa47b7b78b56,25472e3e-4928-440c-84a8-ed85a6e4cf34,1,6,2025-11-25 02:24:54.186745+00
e17dae12-7824-481d-8743-96f307e25299,3715512f-bc25-48aa-a319-f9b2ffc2fb15,3d18f1c8-de23-4c6d-b843-8241da5d994e,2,8,2025-10-27 01:59:34.334362+00
e25a62b1-e891-41ed-92cd-fb2aed285ea5,7be0759a-59c6-4da1-be13-e876a9051907,e28417e9-f154-4f39-bf0d-86cb6a1abc32,0,6,2025-10-21 00:14:04.11767+00
e25c3ce0-2ee1-4823-a94e-6488784e2116,00c76044-16a0-4acf-a0a5-8de00e9cbc06,25472e3e-4928-440c-84a8-ed85a6e4cf34,0,2,2025-12-16 01:50:33.561015+00
e30d7b80-e61e-422d-8361-dbe0e9d816bd,e1083685-268d-4376-bbc8-14fe74194d46,4f4c26c5-21c6-4a45-b9ab-141ea2936063,0,5,2025-08-18 23:21:21.195482+00
e35f2c76-e21a-41f2-8bc6-618edde1df6d,00c76044-16a0-4acf-a0a5-8de00e9cbc06,3d18f1c8-de23-4c6d-b843-8241da5d994e,1,7,2025-12-16 01:50:33.561015+00
e43707fe-570a-46e9-b057-c2904515a7b8,7d6130ac-980a-4352-8ec0-29a06643525e,c8b7ea0d-f644-44ff-b89b-a0e352ff3cec,0,5,2026-01-12 01:11:49.843879+00
e47c7b06-73ec-4ae5-bc82-335b144af65a,b8e9c830-4504-4e15-9aba-2cf1e3b2de9d,4f4c26c5-21c6-4a45-b9ab-141ea2936063,2,10,2026-01-05 01:20:32.782065+00
e4846ac9-e874-4f53-836a-310b992188ab,435af285-efb9-47f0-a3b5-aa47b7b78b56,f3b179ce-265d-4bf0-8c6c-a641504ea802,1,6,2025-11-25 02:24:54.186745+00
e51266ab-39f2-497e-b29e-a57f3c9a9eaa,284571ab-f355-476f-841c-8d84cf3fc188,95f43b8d-de0d-4dd2-a9bb-0cdfe02e247a,0,6,2025-09-15 00:20:33.877931+00
e5168221-55ef-47ac-ae21-bf61b7b3f8c5,634bef0a-8a4f-4bb4-a7cc-79a5ec61e5cb,e28417e9-f154-4f39-bf0d-86cb6a1abc32,0,5,2025-12-23 02:13:34.5906+00
e5580ced-cfa3-42c9-93a8-372e95fe5f9b,28da2862-f00a-44dd-8ab5-a48849d53245,6bf245f8-9743-4b7b-ab78-dc0cdd591c6c,1,9,2025-11-04 02:39:26.20676+00
e561ddaa-8d90-4813-8894-3f116b2a7c5f,00c76044-16a0-4acf-a0a5-8de00e9cbc06,298651b6-b5d4-4875-a636-799edae79a84,1,8,2025-12-16 01:50:33.561015+00
e5e30e86-f00c-4ef5-b041-118880548fac,28c25bca-56fb-487b-b335-f02e00863c6b,3d18f1c8-de23-4c6d-b843-8241da5d994e,1,5,2025-08-26 00:30:53.12888+00
e6378450-338f-434a-92f5-fb8dfac270b1,d7a991ce-94f4-44a6-9e3a-bda9babd7e11,abe5e91c-2516-47f8-98a7-2b1e70ab13b1,1,6,2025-12-09 02:15:48.500643+00
e6679090-82a4-4624-b3ff-be3a7b3bce67,39344544-7804-4c1d-a17b-a1aff7a7f869,eff7bddc-a865-47c4-95fb-fe4116d8c288,1,4,2025-11-10 03:54:43.745207+00
e6793934-8613-4f88-a21b-0c33ab5acf90,6321df99-8fc5-4465-a345-4e85e454e8cc,3d18f1c8-de23-4c6d-b843-8241da5d994e,1,4,2025-09-22 12:27:57.199993+00
e6b177a5-5024-4316-b74e-caa52ac568e3,28da2862-f00a-44dd-8ab5-a48849d53245,857f0ddb-bbf7-490f-89e7-c393913d1937,0,3,2025-11-04 02:39:26.20676+00
e778d19f-2ad8-4a9e-b176-c3c3073b66f3,37bc4415-6386-4c1c-9a8b-453802fa72e1,c2011527-da58-4568-97f9-ec5c223ead8e,0,4,2025-12-29 01:10:50.647344+00
e7f9700b-ae12-4306-8f7b-8f21b0deffec,00c76044-16a0-4acf-a0a5-8de00e9cbc06,abe5e91c-2516-47f8-98a7-2b1e70ab13b1,0,5,2025-12-16 01:50:33.561015+00
e813fb07-08d3-44f1-836c-3e422f2548d6,e1083685-268d-4376-bbc8-14fe74194d46,e28417e9-f154-4f39-bf0d-86cb6a1abc32,0,4,2025-08-18 23:21:21.195482+00
e888e3c0-44d5-42f5-b003-a413d09540d6,d7a991ce-94f4-44a6-9e3a-bda9babd7e11,f9410110-ec63-4a83-ad54-2b5df48b9140,3,14,2025-12-09 02:15:48.500643+00
e9ad3edf-29e4-45aa-af9e-d1102f213d5b,3715512f-bc25-48aa-a319-f9b2ffc2fb15,9a205562-9e06-49d8-865b-a0dfb3de0b20,1,7,2025-10-27 01:59:34.334362+00
e9e28c61-2cf2-4e5f-b0c3-58b0b32a6f10,634bef0a-8a4f-4bb4-a7cc-79a5ec61e5cb,b782ca87-97a5-4e94-96b3-fda9d7a93d5d,1,8,2025-12-23 02:13:34.5906+00
e9f26eb1-6ec2-428c-a9e3-0f84912a1670,634bef0a-8a4f-4bb4-a7cc-79a5ec61e5cb,f3b179ce-265d-4bf0-8c6c-a641504ea802,0,3,2025-12-23 02:13:34.5906+00
ea0e7fac-1971-494f-b75e-aeb89adbd74f,7be0759a-59c6-4da1-be13-e876a9051907,857f0ddb-bbf7-490f-89e7-c393913d1937,0,5,2025-10-21 00:14:04.11767+00
ea21c1bd-fb89-4617-8130-9ef10263a733,7f04d06c-ca42-403e-8bc7-194f0a0c631a,4f4c26c5-21c6-4a45-b9ab-141ea2936063,0,4,2025-12-01 00:26:08.076072+00
eadfa291-8508-4a5d-bb91-d3873b8046af,39344544-7804-4c1d-a17b-a1aff7a7f869,8ed10184-c01b-4913-be71-bf7b48b8163a,0,5,2025-11-10 03:54:43.745207+00
eb367b09-b250-40b6-8f6a-528cc71e222c,d77ab4fc-0b5e-46dc-8403-2c02eb802dd6,71913bf1-3c89-4850-a771-b807bac56136,0,5,2025-10-05 23:57:44.019951+00
eb63f206-4f91-487b-ad29-0bfcdef72799,6321df99-8fc5-4465-a345-4e85e454e8cc,9a205562-9e06-49d8-865b-a0dfb3de0b20,3,11,2025-09-22 12:27:57.199993+00
eb717013-beb1-4c51-b97b-d66d4a22d598,435af285-efb9-47f0-a3b5-aa47b7b78b56,78c6e1c2-6f06-4cf7-8a82-54f62c0e9504,1,7,2025-11-25 02:24:54.186745+00
eb927e4b-49b9-4739-8e1b-e5e4da472b50,39344544-7804-4c1d-a17b-a1aff7a7f869,25472e3e-4928-440c-84a8-ed85a6e4cf34,1,7,2025-11-10 03:54:43.745207+00
ebca6b7d-f899-4266-bccd-539796c583f2,3715512f-bc25-48aa-a319-f9b2ffc2fb15,6a57188f-50ad-4d66-88e5-64236a293c32,1,6,2025-10-27 01:59:34.334362+00
ebce1f03-d5cf-4947-8b6f-4ff19b23b118,e1083685-268d-4376-bbc8-14fe74194d46,e2ffaf02-f17f-4be3-b3ee-651d39315af1,1,7,2025-08-18 23:21:21.195482+00
ec479c7b-c318-4fda-ae4d-216af55b3091,d7a991ce-94f4-44a6-9e3a-bda9babd7e11,71913bf1-3c89-4850-a771-b807bac56136,1,5,2025-12-09 02:15:48.500643+00
ed22a8e4-046a-4a5e-8b0c-df5356dbbdbe,6321df99-8fc5-4465-a345-4e85e454e8cc,c8b7ea0d-f644-44ff-b89b-a0e352ff3cec,0,3,2025-09-22 12:27:57.199993+00
ed650f98-4f28-4888-b30f-af88738fbaa6,6321df99-8fc5-4465-a345-4e85e454e8cc,182f8371-048a-4f6e-b95d-149f368c3c44,1,4,2025-09-22 12:27:57.199993+00
ed7d8880-9485-4ee4-ba4d-851799c08d71,b8e9c830-4504-4e15-9aba-2cf1e3b2de9d,49f48e02-6af0-4107-8f27-29f67efc4c3a,2,11,2026-01-05 01:20:32.782065+00
ee092531-a910-424d-a278-0396cf190482,00c76044-16a0-4acf-a0a5-8de00e9cbc06,78c6e1c2-6f06-4cf7-8a82-54f62c0e9504,0,6,2025-12-16 01:50:33.561015+00
ee1557d6-8070-485a-ba14-77df5cf63a82,b8e9c830-4504-4e15-9aba-2cf1e3b2de9d,25472e3e-4928-440c-84a8-ed85a6e4cf34,0,4,2026-01-05 01:20:32.782065+00
ee9f8f71-e7e0-4345-b46c-65dde865cb11,d77ab4fc-0b5e-46dc-8403-2c02eb802dd6,a98cac4a-9401-4a97-b8e6-93a7caee47e9,3,12,2025-10-05 23:57:44.019951+00
ef0c995a-5fa3-4298-b053-ed646b0525d1,e1083685-268d-4376-bbc8-14fe74194d46,f9410110-ec63-4a83-ad54-2b5df48b9140,0,4,2025-08-18 23:21:21.195482+00
ef413519-a45b-448f-b35b-854873056c0d,7be0759a-59c6-4da1-be13-e876a9051907,298651b6-b5d4-4875-a636-799edae79a84,0,1,2025-10-21 00:14:04.11767+00
f0b0e1fe-2480-4889-9568-7fb1abed58b4,7be0759a-59c6-4da1-be13-e876a9051907,c2011527-da58-4568-97f9-ec5c223ead8e,0,3,2025-10-21 00:14:04.11767+00
f0daef60-6e19-404c-8c4b-f16f21051d99,7be0759a-59c6-4da1-be13-e876a9051907,8ed10184-c01b-4913-be71-bf7b48b8163a,1,7,2025-10-21 00:14:04.11767+00
f0dc5b79-a025-42c7-bda5-01dc78b874f5,7d6130ac-980a-4352-8ec0-29a06643525e,6e5a68ef-c26c-4776-8f8c-7f3c22bc3f06,1,6,2026-01-12 01:11:49.843879+00
f17d32d2-5327-4326-8566-dd5330636826,d7a991ce-94f4-44a6-9e3a-bda9babd7e11,298651b6-b5d4-4875-a636-799edae79a84,1,8,2025-12-09 02:15:48.500643+00
f1bcd638-6e03-4bdd-b69a-e9bb45f56dc9,00c76044-16a0-4acf-a0a5-8de00e9cbc06,6a57188f-50ad-4d66-88e5-64236a293c32,0,4,2025-12-16 01:50:33.561015+00
f2b5bbb8-4064-41d7-8c9a-2795411deea7,39344544-7804-4c1d-a17b-a1aff7a7f869,71913bf1-3c89-4850-a771-b807bac56136,0,5,2025-11-10 03:54:43.745207+00
f2eedc77-dd1c-4af4-a14c-8bf4270c3cf1,7d6130ac-980a-4352-8ec0-29a06643525e,f3b179ce-265d-4bf0-8c6c-a641504ea802,2,9,2026-01-12 01:11:49.843879+00
f3084ee5-e653-4993-9275-4ef09ce58b8b,7d6130ac-980a-4352-8ec0-29a06643525e,584d969b-f2c5-4e89-a226-9d5d47bebe23,1,6,2026-01-12 01:11:49.843879+00
f32f24bd-efd5-48ec-8247-3402bd4e08ce,284571ab-f355-476f-841c-8d84cf3fc188,584d969b-f2c5-4e89-a226-9d5d47bebe23,1,7,2025-09-15 00:20:33.877931+00
f3a5b2bf-a819-4411-87ec-29ad0f4a5179,28da2862-f00a-44dd-8ab5-a48849d53245,f9aa08c8-da66-4064-a39a-3225dadaa1d0,0,8,2025-11-04 02:39:26.20676+00
f3fda41e-af0a-47da-80c8-fdf4373e9f28,284571ab-f355-476f-841c-8d84cf3fc188,c4d0c372-0a8c-445d-9994-fe871e8eb544,1,9,2025-09-15 00:20:33.877931+00
f3ff11eb-37ea-4888-80ed-5d26f126cef0,28c25bca-56fb-487b-b335-f02e00863c6b,ceb258ce-454a-4b5f-9321-73fd28390495,1,7,2025-08-26 00:30:53.12888+00
f48c3d92-d2df-4358-b935-ea3d65c62ed2,28c25bca-56fb-487b-b335-f02e00863c6b,f9aa08c8-da66-4064-a39a-3225dadaa1d0,0,4,2025-08-26 00:30:53.12888+00
f4c4ccc0-5d0e-42eb-9ced-ddcff9e522ea,d7a991ce-94f4-44a6-9e3a-bda9babd7e11,f9aa08c8-da66-4064-a39a-3225dadaa1d0,0,6,2025-12-09 02:15:48.500643+00
f4dd46c9-bed6-42f7-8fee-bfaaf92f2673,39344544-7804-4c1d-a17b-a1aff7a7f869,e28417e9-f154-4f39-bf0d-86cb6a1abc32,0,7,2025-11-10 03:54:43.745207+00
f56beb9f-53c2-47cb-85ce-24d4ee2b32b8,28da2862-f00a-44dd-8ab5-a48849d53245,6e5a68ef-c26c-4776-8f8c-7f3c22bc3f06,1,8,2025-11-04 02:39:26.20676+00
f5705560-a048-4e0d-9869-e5c0884187be,d77ab4fc-0b5e-46dc-8403-2c02eb802dd6,857f0ddb-bbf7-490f-89e7-c393913d1937,0,4,2025-10-05 23:57:44.019951+00
f5e237af-dbe7-4abc-a3ac-8bc77cf17bbd,284571ab-f355-476f-841c-8d84cf3fc188,6e5a68ef-c26c-4776-8f8c-7f3c22bc3f06,1,9,2025-09-15 00:20:33.877931+00
f6626f83-62d1-4bad-966e-1ba0298b62f0,7d6130ac-980a-4352-8ec0-29a06643525e,298651b6-b5d4-4875-a636-799edae79a84,0,3,2026-01-12 01:11:49.843879+00
f7329fc7-7570-4dcf-94e3-227aebde9acf,284571ab-f355-476f-841c-8d84cf3fc188,298651b6-b5d4-4875-a636-799edae79a84,1,7,2025-09-15 00:20:33.877931+00
f7ad962e-7014-4ef8-8c89-061abfab0a25,00c76044-16a0-4acf-a0a5-8de00e9cbc06,f9aa08c8-da66-4064-a39a-3225dadaa1d0,0,5,2025-12-16 01:50:33.561015+00
f7de50ef-46a2-4002-afdd-51d4794bff89,d77ab4fc-0b5e-46dc-8403-2c02eb802dd6,66022633-1ced-4920-a431-b74b54e98345,1,7,2025-10-05 23:57:44.019951+00
f7eca02d-8e32-42e6-a814-977d03b8134d,28da2862-f00a-44dd-8ab5-a48849d53245,49f48e02-6af0-4107-8f27-29f67efc4c3a,0,2,2025-11-04 02:39:26.20676+00
f819c5a2-c5d0-4ee6-b25f-1d2f655e6854,28c25bca-56fb-487b-b335-f02e00863c6b,71913bf1-3c89-4850-a771-b807bac56136,0,3,2025-08-26 00:30:53.12888+00
f8506f96-c35f-44ed-a842-3308878ae244,d8d2e264-f062-4c84-bc77-cf67da4c3bf5,6bf245f8-9743-4b7b-ab78-dc0cdd591c6c,1,6,2025-09-01 12:27:12.189666+00
f8f1497e-a5e6-4625-95fb-6fe62b1ef6f5,435af285-efb9-47f0-a3b5-aa47b7b78b56,6a57188f-50ad-4d66-88e5-64236a293c32,1,6,2025-11-25 02:24:54.186745+00
f9ce8cca-40bc-4f96-8b96-dfbbf0003834,d77ab4fc-0b5e-46dc-8403-2c02eb802dd6,ceb258ce-454a-4b5f-9321-73fd28390495,2,10,2025-10-05 23:57:44.019951+00
f9d1f05f-a9e2-47ab-ac7b-c03c83b5637e,d77ab4fc-0b5e-46dc-8403-2c02eb802dd6,3d18f1c8-de23-4c6d-b843-8241da5d994e,5,19,2025-10-05 23:57:44.019951+00
fa204f50-c12d-4e30-9128-28e0a6d1ae0a,00c76044-16a0-4acf-a0a5-8de00e9cbc06,e04c559e-ca37-400e-b70d-64cc03eb3361,0,4,2025-12-16 01:50:33.561015+00
fa676e26-1f96-471c-870d-5d8f87c8e916,d7a991ce-94f4-44a6-9e3a-bda9babd7e11,a98cac4a-9401-4a97-b8e6-93a7caee47e9,1,8,2025-12-09 02:15:48.500643+00
fac09d0d-480c-4ac8-9ae1-8335ed905dda,7f04d06c-ca42-403e-8bc7-194f0a0c631a,e2ffaf02-f17f-4be3-b3ee-651d39315af1,1,7,2025-12-01 00:26:08.076072+00
fb654ab3-5dff-424e-9dec-be8ee577cc70,b8e9c830-4504-4e15-9aba-2cf1e3b2de9d,857f0ddb-bbf7-490f-89e7-c393913d1937,1,7,2026-01-05 01:20:32.782065+00
fc3e2efa-014a-4173-9501-2bc45abdc669,634bef0a-8a4f-4bb4-a7cc-79a5ec61e5cb,584d969b-f2c5-4e89-a226-9d5d47bebe23,0,5,2025-12-23 02:13:34.5906+00
fce2f27e-16aa-4823-bf20-113edfdebb05,3715512f-bc25-48aa-a319-f9b2ffc2fb15,b782ca87-97a5-4e94-96b3-fda9d7a93d5d,1,7,2025-10-27 01:59:34.334362+00
fd76e88e-2f32-4a5b-8940-be3c16094dd4,39344544-7804-4c1d-a17b-a1aff7a7f869,c2011527-da58-4568-97f9-ec5c223ead8e,1,8,2025-11-10 03:54:43.745207+00
fd9e2265-3af6-41c6-af89-06bfb5eb43a5,b8e9c830-4504-4e15-9aba-2cf1e3b2de9d,b782ca87-97a5-4e94-96b3-fda9d7a93d5d,0,6,2026-01-05 01:20:32.782065+00
fdf7a493-6166-4359-b51c-f9ddc0313433,d77ab4fc-0b5e-46dc-8403-2c02eb802dd6,eff7bddc-a865-47c4-95fb-fe4116d8c288,0,5,2025-10-05 23:57:44.019951+00
fe110095-e100-4b3f-80ee-9c360e769b82,3715512f-bc25-48aa-a319-f9b2ffc2fb15,e2ffaf02-f17f-4be3-b3ee-651d39315af1,2,9,2025-10-27 01:59:34.334362+00
fe13c87b-b577-4c9f-8eba-4a5b369d863a,3fbb2bf0-cef3-48b2-9d04-ecba8bd4165b,3d18f1c8-de23-4c6d-b843-8241da5d994e,1,7,2025-09-30 00:21:43.959007+00
fe18884d-8569-470a-a9d5-fec18b5e264d,3715512f-bc25-48aa-a319-f9b2ffc2fb15,25472e3e-4928-440c-84a8-ed85a6e4cf34,1,8,2025-10-27 01:59:34.334362+00
fef29085-a6c9-418f-a16c-1eb492927789,b8e9c830-4504-4e15-9aba-2cf1e3b2de9d,a98cac4a-9401-4a97-b8e6-93a7caee47e9,3,13,2026-01-05 01:20:32.782065+00
fffef50c-0d67-4470-87ad-8b6fde5955e8,d7a991ce-94f4-44a6-9e3a-bda9babd7e11,c4d0c372-0a8c-445d-9994-fe871e8eb544,0,5,2025-12-09 02:15:48.500643+00